node,gpu,ncomp_per_neuron,n_neurons,total_comps,n_steps,mode,rep,wall_s
inf02,NVIDIA A40,16,100,1600,200,cpu,1,0.193201
inf02,NVIDIA A40,16,100,1600,200,cpu,2,0.190695
inf02,NVIDIA A40,16,100,1600,200,cpu,3,0.189629
inf02,NVIDIA A40,16,100,1600,200,cpu,4,0.190605
inf02,NVIDIA A40,16,100,1600,200,cpu,5,0.189657
inf02,NVIDIA A40,16,100,1600,200,cpu,6,0.190818
inf02,NVIDIA A40,16,100,1600,200,cpu,7,0.191330
inf02,NVIDIA A40,16,100,1600,200,cpu,8,0.189885
inf02,NVIDIA A40,16,100,1600,200,cpu,9,0.191452
inf02,NVIDIA A40,16,100,1600,200,cpu,10,0.190393
inf02,NVIDIA A40,16,100,1600,200,gpu,1,0.445071
inf02,NVIDIA A40,16,100,1600,200,gpu,2,0.363650
inf02,NVIDIA A40,16,100,1600,200,gpu,3,0.366685
inf02,NVIDIA A40,16,100,1600,200,gpu,4,0.367533
inf02,NVIDIA A40,16,100,1600,200,gpu,5,0.369542
inf02,NVIDIA A40,16,100,1600,200,gpu,6,0.358035
inf02,NVIDIA A40,16,100,1600,200,gpu,7,0.356988
inf02,NVIDIA A40,16,100,1600,200,gpu,8,0.364876
inf02,NVIDIA A40,16,100,1600,200,gpu,9,0.354511
inf02,NVIDIA A40,16,100,1600,200,gpu,10,0.353219
inf02,NVIDIA A40,16,500,8000,200,cpu,1,0.592128
inf02,NVIDIA A40,16,500,8000,200,cpu,2,0.572484
inf02,NVIDIA A40,16,500,8000,200,cpu,3,0.572755
inf02,NVIDIA A40,16,500,8000,200,cpu,4,0.579063
inf02,NVIDIA A40,16,500,8000,200,cpu,5,0.575585
inf02,NVIDIA A40,16,500,8000,200,cpu,6,0.576753
inf02,NVIDIA A40,16,500,8000,200,cpu,7,0.577374
inf02,NVIDIA A40,16,500,8000,200,cpu,8,0.572623
inf02,NVIDIA A40,16,500,8000,200,cpu,9,0.577707
inf02,NVIDIA A40,16,500,8000,200,cpu,10,0.577806
inf02,NVIDIA A40,16,500,8000,200,gpu,1,0.707862
inf02,NVIDIA A40,16,500,8000,200,gpu,2,0.634998
inf02,NVIDIA A40,16,500,8000,200,gpu,3,0.631672
inf02,NVIDIA A40,16,500,8000,200,gpu,4,0.639870
inf02,NVIDIA A40,16,500,8000,200,gpu,5,0.634350
inf02,NVIDIA A40,16,500,8000,200,gpu,6,0.628859
inf02,NVIDIA A40,16,500,8000,200,gpu,7,0.632742
inf02,NVIDIA A40,16,500,8000,200,gpu,8,0.632878
inf02,NVIDIA A40,16,500,8000,200,gpu,9,0.634308
inf02,NVIDIA A40,16,500,8000,200,gpu,10,0.637313
inf02,NVIDIA A40,16,1000,16000,200,cpu,1,1.070285
inf02,NVIDIA A40,16,1000,16000,200,cpu,2,1.067255
inf02,NVIDIA A40,16,1000,16000,200,cpu,3,1.057503
inf02,NVIDIA A40,16,1000,16000,200,cpu,4,1.075833
inf02,NVIDIA A40,16,1000,16000,200,cpu,5,1.056952
inf02,NVIDIA A40,16,1000,16000,200,cpu,6,1.070196
inf02,NVIDIA A40,16,1000,16000,200,cpu,7,1.062696
inf02,NVIDIA A40,16,1000,16000,200,cpu,8,1.104002
inf02,NVIDIA A40,16,1000,16000,200,cpu,9,1.067108
inf02,NVIDIA A40,16,1000,16000,200,cpu,10,1.060388
inf02,NVIDIA A40,16,1000,16000,200,gpu,1,1.064819
inf02,NVIDIA A40,16,1000,16000,200,gpu,2,0.987720
inf02,NVIDIA A40,16,1000,16000,200,gpu,3,0.981392
inf02,NVIDIA A40,16,1000,16000,200,gpu,4,0.984697
inf02,NVIDIA A40,16,1000,16000,200,gpu,5,0.983603
inf02,NVIDIA A40,16,1000,16000,200,gpu,6,0.986250
inf02,NVIDIA A40,16,1000,16000,200,gpu,7,0.988695
inf02,NVIDIA A40,16,1000,16000,200,gpu,8,0.982501
inf02,NVIDIA A40,16,1000,16000,200,gpu,9,0.981955
inf02,NVIDIA A40,16,1000,16000,200,gpu,10,0.990031
inf02,NVIDIA A40,16,2000,32000,200,cpu,1,2.180079
inf02,NVIDIA A40,16,2000,32000,200,cpu,2,2.173382
inf02,NVIDIA A40,16,2000,32000,200,cpu,3,2.212417
inf02,NVIDIA A40,16,2000,32000,200,cpu,4,2.189422
inf02,NVIDIA A40,16,2000,32000,200,cpu,5,2.162578
inf02,NVIDIA A40,16,2000,32000,200,cpu,6,2.190197
inf02,NVIDIA A40,16,2000,32000,200,cpu,7,2.206186
inf02,NVIDIA A40,16,2000,32000,200,cpu,8,2.184930
inf02,NVIDIA A40,16,2000,32000,200,cpu,9,2.191135
inf02,NVIDIA A40,16,2000,32000,200,cpu,10,2.195176
inf02,NVIDIA A40,16,2000,32000,200,gpu,1,1.836273
inf02,NVIDIA A40,16,2000,32000,200,gpu,2,1.759511
inf02,NVIDIA A40,16,2000,32000,200,gpu,3,1.788340
inf02,NVIDIA A40,16,2000,32000,200,gpu,4,1.781128
inf02,NVIDIA A40,16,2000,32000,200,gpu,5,1.758319
inf02,NVIDIA A40,16,2000,32000,200,gpu,6,1.756059
inf02,NVIDIA A40,16,2000,32000,200,gpu,7,1.771443
inf02,NVIDIA A40,16,2000,32000,200,gpu,8,1.776272
inf02,NVIDIA A40,16,2000,32000,200,gpu,9,1.764506
inf02,NVIDIA A40,16,2000,32000,200,gpu,10,1.766547
inf02,NVIDIA A40,16,3000,48000,200,cpu,1,3.714428
inf02,NVIDIA A40,16,3000,48000,200,cpu,2,3.795667
inf02,NVIDIA A40,16,3000,48000,200,cpu,3,3.710268
inf02,NVIDIA A40,16,3000,48000,200,cpu,4,3.717902
inf02,NVIDIA A40,16,3000,48000,200,cpu,5,3.715581
inf02,NVIDIA A40,16,3000,48000,200,cpu,6,3.742947
inf02,NVIDIA A40,16,3000,48000,200,cpu,7,3.738737
inf02,NVIDIA A40,16,3000,48000,200,cpu,8,3.721817
inf02,NVIDIA A40,16,3000,48000,200,cpu,9,3.766637
inf02,NVIDIA A40,16,3000,48000,200,cpu,10,3.714269
inf02,NVIDIA A40,16,3000,48000,200,gpu,1,2.624856
inf02,NVIDIA A40,16,3000,48000,200,gpu,2,2.613480
inf02,NVIDIA A40,16,3000,48000,200,gpu,3,2.572494
inf02,NVIDIA A40,16,3000,48000,200,gpu,4,2.559126
inf02,NVIDIA A40,16,3000,48000,200,gpu,5,2.555416
inf02,NVIDIA A40,16,3000,48000,200,gpu,6,2.556922
inf02,NVIDIA A40,16,3000,48000,200,gpu,7,2.560084
inf02,NVIDIA A40,16,3000,48000,200,gpu,8,2.562130
inf02,NVIDIA A40,16,3000,48000,200,gpu,9,2.610003
inf02,NVIDIA A40,16,3000,48000,200,gpu,10,2.543361
inf02,NVIDIA A40,16,5000,80000,200,cpu,1,6.874840
inf02,NVIDIA A40,16,5000,80000,200,cpu,2,6.831911
inf02,NVIDIA A40,16,5000,80000,200,cpu,3,6.780316
inf02,NVIDIA A40,16,5000,80000,200,cpu,4,6.832833
inf02,NVIDIA A40,16,5000,80000,200,cpu,5,6.848831
inf02,NVIDIA A40,16,5000,80000,200,cpu,6,6.799435
inf02,NVIDIA A40,16,5000,80000,200,cpu,7,6.866841
inf02,NVIDIA A40,16,5000,80000,200,cpu,8,6.815764
inf02,NVIDIA A40,16,5000,80000,200,cpu,9,6.810543
inf02,NVIDIA A40,16,5000,80000,200,cpu,10,6.762410
inf02,NVIDIA A40,16,5000,80000,200,gpu,1,4.209494
inf02,NVIDIA A40,16,5000,80000,200,gpu,2,4.166581
inf02,NVIDIA A40,16,5000,80000,200,gpu,3,4.123661
inf02,NVIDIA A40,16,5000,80000,200,gpu,4,4.132280
inf02,NVIDIA A40,16,5000,80000,200,gpu,5,4.160201
inf02,NVIDIA A40,16,5000,80000,200,gpu,6,4.107818
inf02,NVIDIA A40,16,5000,80000,200,gpu,7,4.140770
inf02,NVIDIA A40,16,5000,80000,200,gpu,8,4.132450
inf02,NVIDIA A40,16,5000,80000,200,gpu,9,4.260302
inf02,NVIDIA A40,16,5000,80000,200,gpu,10,4.115616
inf02,NVIDIA A40,16,7000,112000,200,cpu,1,9.715290
inf02,NVIDIA A40,16,7000,112000,200,cpu,2,9.775336
inf02,NVIDIA A40,16,7000,112000,200,cpu,3,9.835407
inf02,NVIDIA A40,16,7000,112000,200,cpu,4,9.704712
inf02,NVIDIA A40,16,7000,112000,200,cpu,5,9.781397
inf02,NVIDIA A40,16,7000,112000,200,cpu,6,9.767855
inf02,NVIDIA A40,16,7000,112000,200,cpu,7,9.806361
inf02,NVIDIA A40,16,7000,112000,200,cpu,8,9.692765
inf02,NVIDIA A40,16,7000,112000,200,cpu,9,9.877355
inf02,NVIDIA A40,16,7000,112000,200,cpu,10,9.698399
inf02,NVIDIA A40,16,7000,112000,200,gpu,1,5.826592
inf02,NVIDIA A40,16,7000,112000,200,gpu,2,5.834182
inf02,NVIDIA A40,16,7000,112000,200,gpu,3,5.817941
inf02,NVIDIA A40,16,7000,112000,200,gpu,4,5.790843
inf02,NVIDIA A40,16,7000,112000,200,gpu,5,5.751848
inf02,NVIDIA A40,16,7000,112000,200,gpu,6,5.752975
inf02,NVIDIA A40,16,7000,112000,200,gpu,7,5.788764
inf02,NVIDIA A40,16,7000,112000,200,gpu,8,5.760901
inf02,NVIDIA A40,16,7000,112000,200,gpu,9,5.740178
inf02,NVIDIA A40,16,7000,112000,200,gpu,10,5.774271
inf02,NVIDIA A40,16,10000,160000,200,cpu,1,14.115506
inf02,NVIDIA A40,16,10000,160000,200,cpu,2,14.231607
inf02,NVIDIA A40,16,10000,160000,200,cpu,3,14.163827
inf02,NVIDIA A40,16,10000,160000,200,cpu,4,14.313327
inf02,NVIDIA A40,16,10000,160000,200,cpu,5,14.378433
inf02,NVIDIA A40,16,10000,160000,200,cpu,6,14.366383
inf02,NVIDIA A40,16,10000,160000,200,cpu,7,14.343153
inf02,NVIDIA A40,16,10000,160000,200,cpu,8,14.325506
inf02,NVIDIA A40,16,10000,160000,200,cpu,9,14.362032
inf02,NVIDIA A40,16,10000,160000,200,cpu,10,14.086004
inf02,NVIDIA A40,16,10000,160000,200,gpu,1,8.219132
inf02,NVIDIA A40,16,10000,160000,200,gpu,2,8.252520
inf02,NVIDIA A40,16,10000,160000,200,gpu,3,8.254032
inf02,NVIDIA A40,16,10000,160000,200,gpu,4,8.271367
inf02,NVIDIA A40,16,10000,160000,200,gpu,5,8.315133
inf02,NVIDIA A40,16,10000,160000,200,gpu,6,8.232172
inf02,NVIDIA A40,16,10000,160000,200,gpu,7,8.243822
inf02,NVIDIA A40,16,10000,160000,200,gpu,8,8.333285
inf02,NVIDIA A40,16,10000,160000,200,gpu,9,8.274232
inf02,NVIDIA A40,16,10000,160000,200,gpu,10,8.330569
inf02,NVIDIA A40,16,15000,240000,200,cpu,1,21.297505
inf02,NVIDIA A40,16,15000,240000,200,cpu,2,21.599158
inf02,NVIDIA A40,16,15000,240000,200,cpu,3,21.302525
inf02,NVIDIA A40,16,15000,240000,200,cpu,4,21.344264
inf02,NVIDIA A40,16,15000,240000,200,cpu,5,21.266956
inf02,NVIDIA A40,16,15000,240000,200,cpu,6,21.360756
inf02,NVIDIA A40,16,15000,240000,200,cpu,7,21.276345
inf02,NVIDIA A40,16,15000,240000,200,cpu,8,21.337011
inf02,NVIDIA A40,16,15000,240000,200,cpu,9,21.351934
inf02,NVIDIA A40,16,15000,240000,200,cpu,10,21.664730
inf02,NVIDIA A40,16,15000,240000,200,gpu,1,11.957299
inf02,NVIDIA A40,16,15000,240000,200,gpu,2,12.165702
inf02,NVIDIA A40,16,15000,240000,200,gpu,3,11.968685
inf02,NVIDIA A40,16,15000,240000,200,gpu,4,12.091105
inf02,NVIDIA A40,16,15000,240000,200,gpu,5,12.020803
inf02,NVIDIA A40,16,15000,240000,200,gpu,6,12.080335
inf02,NVIDIA A40,16,15000,240000,200,gpu,7,12.118412
inf02,NVIDIA A40,16,15000,240000,200,gpu,8,12.041825
inf02,NVIDIA A40,16,15000,240000,200,gpu,9,12.035170
inf02,NVIDIA A40,16,15000,240000,200,gpu,10,12.719298
inf02,NVIDIA A40,16,20000,320000,200,cpu,1,28.605475
inf02,NVIDIA A40,16,20000,320000,200,cpu,2,29.007842
inf02,NVIDIA A40,16,20000,320000,200,cpu,3,28.471461
inf02,NVIDIA A40,16,20000,320000,200,cpu,4,28.611420
inf02,NVIDIA A40,16,20000,320000,200,cpu,5,28.675270
inf02,NVIDIA A40,16,20000,320000,200,cpu,6,28.694535
inf02,NVIDIA A40,16,20000,320000,200,cpu,7,28.555290
inf02,NVIDIA A40,16,20000,320000,200,cpu,8,28.883667
inf02,NVIDIA A40,16,20000,320000,200,cpu,9,28.888326
inf02,NVIDIA A40,16,20000,320000,200,cpu,10,28.872602
inf02,NVIDIA A40,16,20000,320000,200,gpu,1,15.945932
inf02,NVIDIA A40,16,20000,320000,200,gpu,2,15.767084
inf02,NVIDIA A40,16,20000,320000,200,gpu,3,15.989475
inf02,NVIDIA A40,16,20000,320000,200,gpu,4,15.836673
inf02,NVIDIA A40,16,20000,320000,200,gpu,5,16.012146
inf02,NVIDIA A40,16,20000,320000,200,gpu,6,15.741864
inf02,NVIDIA A40,16,20000,320000,200,gpu,7,15.896835
inf02,NVIDIA A40,16,20000,320000,200,gpu,8,15.800136
inf02,NVIDIA A40,16,20000,320000,200,gpu,9,15.892375
inf02,NVIDIA A40,16,20000,320000,200,gpu,10,15.720196
inf02,NVIDIA A40,16,30000,480000,200,cpu,1,42.863487
inf02,NVIDIA A40,16,30000,480000,200,cpu,2,43.496453
inf02,NVIDIA A40,16,30000,480000,200,cpu,3,43.047992
inf02,NVIDIA A40,16,30000,480000,200,cpu,4,43.192845
inf02,NVIDIA A40,16,30000,480000,200,cpu,5,42.730005
inf02,NVIDIA A40,16,30000,480000,200,cpu,6,43.449609
inf02,NVIDIA A40,16,30000,480000,200,cpu,7,43.145304
inf02,NVIDIA A40,16,30000,480000,200,cpu,8,43.407273
inf02,NVIDIA A40,16,30000,480000,200,cpu,9,43.238763
inf02,NVIDIA A40,16,30000,480000,200,cpu,10,43.052470
inf02,NVIDIA A40,16,30000,480000,200,gpu,1,23.396564
inf02,NVIDIA A40,16,30000,480000,200,gpu,2,23.813439
inf02,NVIDIA A40,16,30000,480000,200,gpu,3,23.667612
inf02,NVIDIA A40,16,30000,480000,200,gpu,4,23.840091
inf02,NVIDIA A40,16,30000,480000,200,gpu,5,23.638606
inf02,NVIDIA A40,16,30000,480000,200,gpu,6,23.562843
inf02,NVIDIA A40,16,30000,480000,200,gpu,7,23.710486
inf02,NVIDIA A40,16,30000,480000,200,gpu,8,23.662642
inf02,NVIDIA A40,16,30000,480000,200,gpu,9,23.517732
inf02,NVIDIA A40,16,30000,480000,200,gpu,10,23.851709
inf02,NVIDIA A40,16,40000,640000,200,cpu,1,57.944861
inf02,NVIDIA A40,16,40000,640000,200,cpu,2,57.840553
inf02,NVIDIA A40,16,40000,640000,200,cpu,3,57.249701
inf02,NVIDIA A40,16,40000,640000,200,cpu,4,57.751023
inf02,NVIDIA A40,16,40000,640000,200,cpu,5,57.272720
inf02,NVIDIA A40,16,40000,640000,200,cpu,6,56.655661
inf02,NVIDIA A40,16,40000,640000,200,cpu,7,57.420780
inf02,NVIDIA A40,16,40000,640000,200,cpu,8,57.142814
inf02,NVIDIA A40,16,40000,640000,200,cpu,9,57.904200
inf02,NVIDIA A40,16,40000,640000,200,cpu,10,57.089583
inf02,NVIDIA A40,16,40000,640000,200,gpu,1,31.455605
inf02,NVIDIA A40,16,40000,640000,200,gpu,2,31.355043
inf02,NVIDIA A40,16,40000,640000,200,gpu,3,31.871190
inf02,NVIDIA A40,16,40000,640000,200,gpu,4,31.631250
inf02,NVIDIA A40,16,40000,640000,200,gpu,5,32.276320
inf02,NVIDIA A40,16,40000,640000,200,gpu,6,31.557270
inf02,NVIDIA A40,16,40000,640000,200,gpu,7,31.866225
inf02,NVIDIA A40,16,40000,640000,200,gpu,8,31.521297
inf02,NVIDIA A40,16,40000,640000,200,gpu,9,31.554279
inf02,NVIDIA A40,16,40000,640000,200,gpu,10,31.866549
inf02,NVIDIA A40,16,50000,800000,200,cpu,1,71.891924
inf02,NVIDIA A40,16,50000,800000,200,cpu,2,70.988983
inf02,NVIDIA A40,16,50000,800000,200,cpu,3,70.866287
inf02,NVIDIA A40,16,50000,800000,200,cpu,4,71.801261
inf02,NVIDIA A40,16,50000,800000,200,cpu,5,71.776365
inf02,NVIDIA A40,16,50000,800000,200,cpu,6,71.920714
inf02,NVIDIA A40,16,50000,800000,200,cpu,7,71.445500
inf02,NVIDIA A40,16,50000,800000,200,cpu,8,71.536932
inf02,NVIDIA A40,16,50000,800000,200,cpu,9,71.398586
inf02,NVIDIA A40,16,50000,800000,200,cpu,10,71.524933
inf02,NVIDIA A40,16,50000,800000,200,gpu,1,39.857767
inf02,NVIDIA A40,16,50000,800000,200,gpu,2,39.606520
inf02,NVIDIA A40,16,50000,800000,200,gpu,3,39.705794
inf02,NVIDIA A40,16,50000,800000,200,gpu,4,39.677470
inf02,NVIDIA A40,16,50000,800000,200,gpu,5,39.699523
inf02,NVIDIA A40,16,50000,800000,200,gpu,6,39.751644
inf02,NVIDIA A40,16,50000,800000,200,gpu,7,39.728574
inf02,NVIDIA A40,16,50000,800000,200,gpu,8,39.722929
inf02,NVIDIA A40,16,50000,800000,200,gpu,9,39.602589
inf02,NVIDIA A40,16,50000,800000,200,gpu,10,39.835933
