node,gpu,topology,ncomp_per_neuron,n_neurons,total_comps,mode,rep,t_per_step_s
inf03_A100,NVIDIA A100-PCIE-40GB,linear-chain,16,100,1600,CPU,1,0.0001118986468
inf03_A100,NVIDIA A100-PCIE-40GB,linear-chain,16,100,1600,GPU,1,0.0004502493711
inf03_A100,NVIDIA A100-PCIE-40GB,branching-4x4,17,100,1700,CPU,1,0.000116966585
inf03_A100,NVIDIA A100-PCIE-40GB,branching-4x4,17,100,1700,GPU,1,0.000377262703
inf03_A100,NVIDIA A100-PCIE-40GB,linear-chain,16,500,8000,CPU,1,0.0007463611308
inf03_A100,NVIDIA A100-PCIE-40GB,linear-chain,16,500,8000,GPU,1,0.0004439038535
inf03_A100,NVIDIA A100-PCIE-40GB,branching-4x4,17,500,8500,CPU,1,0.0007577464694
inf03_A100,NVIDIA A100-PCIE-40GB,branching-4x4,17,500,8500,GPU,1,0.0004467115871
inf03_A100,NVIDIA A100-PCIE-40GB,linear-chain,16,1000,16000,CPU,1,0.00147253729
inf03_A100,NVIDIA A100-PCIE-40GB,linear-chain,16,1000,16000,GPU,1,0.0004768381161
inf03_A100,NVIDIA A100-PCIE-40GB,branching-4x4,17,1000,17000,CPU,1,0.001480157886
inf03_A100,NVIDIA A100-PCIE-40GB,branching-4x4,17,1000,17000,GPU,1,0.000494654654
inf03_A100,NVIDIA A100-PCIE-40GB,linear-chain,16,2000,32000,CPU,1,0.003139696235
inf03_A100,NVIDIA A100-PCIE-40GB,linear-chain,16,2000,32000,GPU,1,0.0004784000062
inf03_A100,NVIDIA A100-PCIE-40GB,branching-4x4,17,2000,34000,CPU,1,0.003203705095
inf03_A100,NVIDIA A100-PCIE-40GB,branching-4x4,17,2000,34000,GPU,1,0.0005102155109
inf03_A100,NVIDIA A100-PCIE-40GB,linear-chain,16,5000,80000,CPU,1,0.0140437267
inf03_A100,NVIDIA A100-PCIE-40GB,linear-chain,16,5000,80000,GPU,1,0.0009741862389
inf03_A100,NVIDIA A100-PCIE-40GB,branching-4x4,17,5000,85000,CPU,1,0.01447313482
inf03_A100,NVIDIA A100-PCIE-40GB,branching-4x4,17,5000,85000,GPU,1,0.0009151747958
inf03_A100,NVIDIA A100-PCIE-40GB,linear-chain,16,10000,160000,CPU,1,0.03245107044
inf03_A100,NVIDIA A100-PCIE-40GB,linear-chain,16,10000,160000,GPU,1,0.001048121872
inf03_A100,NVIDIA A100-PCIE-40GB,branching-4x4,17,10000,170000,CPU,1,0.03380546353
inf03_A100,NVIDIA A100-PCIE-40GB,branching-4x4,17,10000,170000,GPU,1,0.001070886241
inf03_A100,NVIDIA A100-PCIE-40GB,linear-chain,16,20000,320000,CPU,1,0.06901129809
inf03_A100,NVIDIA A100-PCIE-40GB,linear-chain,16,20000,320000,GPU,1,0.00131755268
inf03_A100,NVIDIA A100-PCIE-40GB,branching-4x4,17,20000,340000,CPU,1,0.07244868712
inf03_A100,NVIDIA A100-PCIE-40GB,branching-4x4,17,20000,340000,GPU,1,0.001353513517
inf03_A100,NVIDIA A100-PCIE-40GB,linear-chain,16,50000,800000,CPU,1,0.1727140947
inf03_A100,NVIDIA A100-PCIE-40GB,linear-chain,16,50000,800000,GPU,1,0.002082443237
inf03_A100,NVIDIA A100-PCIE-40GB,branching-4x4,17,50000,850000,CPU,1,0.1813958255
inf03_A100,NVIDIA A100-PCIE-40GB,branching-4x4,17,50000,850000,GPU,1,0.00214522061
inf03_A100,NVIDIA A100-PCIE-40GB,linear-chain,16,100,1600,CPU,2,0.0001084350582
inf03_A100,NVIDIA A100-PCIE-40GB,linear-chain,16,100,1600,GPU,2,0.0004367065572
inf03_A100,NVIDIA A100-PCIE-40GB,branching-4x4,17,100,1700,CPU,2,0.0001128756574
inf03_A100,NVIDIA A100-PCIE-40GB,branching-4x4,17,100,1700,GPU,2,0.0004406163735
inf03_A100,NVIDIA A100-PCIE-40GB,linear-chain,16,500,8000,CPU,2,0.0007662000401
inf03_A100,NVIDIA A100-PCIE-40GB,linear-chain,16,500,8000,GPU,2,0.0004486852104
inf03_A100,NVIDIA A100-PCIE-40GB,branching-4x4,17,500,8500,CPU,2,0.0007483169436
inf03_A100,NVIDIA A100-PCIE-40GB,branching-4x4,17,500,8500,GPU,2,0.0004638164171
inf03_A100,NVIDIA A100-PCIE-40GB,linear-chain,16,1000,16000,CPU,2,0.001508058537
inf03_A100,NVIDIA A100-PCIE-40GB,linear-chain,16,1000,16000,GPU,2,0.0004605385164
inf03_A100,NVIDIA A100-PCIE-40GB,branching-4x4,17,1000,17000,CPU,2,0.001467478559
inf03_A100,NVIDIA A100-PCIE-40GB,branching-4x4,17,1000,17000,GPU,2,0.0004587860689
inf03_A100,NVIDIA A100-PCIE-40GB,linear-chain,16,2000,32000,CPU,2,0.003220267239
inf03_A100,NVIDIA A100-PCIE-40GB,linear-chain,16,2000,32000,GPU,2,0.000485869639
inf03_A100,NVIDIA A100-PCIE-40GB,branching-4x4,17,2000,34000,CPU,2,0.003258004926
inf03_A100,NVIDIA A100-PCIE-40GB,branching-4x4,17,2000,34000,GPU,2,0.0005110818715
inf03_A100,NVIDIA A100-PCIE-40GB,linear-chain,16,5000,80000,CPU,2,0.01392322887
inf03_A100,NVIDIA A100-PCIE-40GB,linear-chain,16,5000,80000,GPU,2,0.0009145966308
inf03_A100,NVIDIA A100-PCIE-40GB,branching-4x4,17,5000,85000,CPU,2,0.01462752711
inf03_A100,NVIDIA A100-PCIE-40GB,branching-4x4,17,5000,85000,GPU,2,0.0009248583154
inf03_A100,NVIDIA A100-PCIE-40GB,linear-chain,16,10000,160000,CPU,2,0.03221969821
inf03_A100,NVIDIA A100-PCIE-40GB,linear-chain,16,10000,160000,GPU,2,0.001042543555
inf03_A100,NVIDIA A100-PCIE-40GB,branching-4x4,17,10000,170000,CPU,2,0.03359614936
inf03_A100,NVIDIA A100-PCIE-40GB,branching-4x4,17,10000,170000,GPU,2,0.001085321808
inf03_A100,NVIDIA A100-PCIE-40GB,linear-chain,16,20000,320000,CPU,2,0.06953136704
inf03_A100,NVIDIA A100-PCIE-40GB,linear-chain,16,20000,320000,GPU,2,0.001358885657
inf03_A100,NVIDIA A100-PCIE-40GB,branching-4x4,17,20000,340000,CPU,2,0.07267254916
inf03_A100,NVIDIA A100-PCIE-40GB,branching-4x4,17,20000,340000,GPU,2,0.001358680156
inf03_A100,NVIDIA A100-PCIE-40GB,linear-chain,16,50000,800000,CPU,2,0.1730136178
inf03_A100,NVIDIA A100-PCIE-40GB,linear-chain,16,50000,800000,GPU,2,0.002146930993
inf03_A100,NVIDIA A100-PCIE-40GB,branching-4x4,17,50000,850000,CPU,2,0.1809538755
inf03_A100,NVIDIA A100-PCIE-40GB,branching-4x4,17,50000,850000,GPU,2,0.002216884087
inf03_A100,NVIDIA A100-PCIE-40GB,linear-chain,16,100,1600,CPU,3,0.0001117603587
inf03_A100,NVIDIA A100-PCIE-40GB,linear-chain,16,100,1600,GPU,3,0.0004414884107
inf03_A100,NVIDIA A100-PCIE-40GB,branching-4x4,17,100,1700,CPU,3,0.0001152860356
inf03_A100,NVIDIA A100-PCIE-40GB,branching-4x4,17,100,1700,GPU,3,0.0003825383527
inf03_A100,NVIDIA A100-PCIE-40GB,linear-chain,16,500,8000,CPU,3,0.0007389710773
inf03_A100,NVIDIA A100-PCIE-40GB,linear-chain,16,500,8000,GPU,3,0.0004554241896
inf03_A100,NVIDIA A100-PCIE-40GB,branching-4x4,17,500,8500,CPU,3,0.0007623253834
inf03_A100,NVIDIA A100-PCIE-40GB,branching-4x4,17,500,8500,GPU,3,0.0004483147036
inf03_A100,NVIDIA A100-PCIE-40GB,linear-chain,16,1000,16000,CPU,3,0.001484500936
inf03_A100,NVIDIA A100-PCIE-40GB,linear-chain,16,1000,16000,GPU,3,0.0004940162102
inf03_A100,NVIDIA A100-PCIE-40GB,branching-4x4,17,1000,17000,CPU,3,0.001494603356
inf03_A100,NVIDIA A100-PCIE-40GB,branching-4x4,17,1000,17000,GPU,3,0.0004651925748
inf03_A100,NVIDIA A100-PCIE-40GB,linear-chain,16,2000,32000,CPU,3,0.003179366532
inf03_A100,NVIDIA A100-PCIE-40GB,linear-chain,16,2000,32000,GPU,3,0.0004985412671
inf03_A100,NVIDIA A100-PCIE-40GB,branching-4x4,17,2000,34000,CPU,3,0.003481697752
inf03_A100,NVIDIA A100-PCIE-40GB,branching-4x4,17,2000,34000,GPU,3,0.0005152423822
inf03_A100,NVIDIA A100-PCIE-40GB,linear-chain,16,5000,80000,CPU,3,0.01386910135
inf03_A100,NVIDIA A100-PCIE-40GB,linear-chain,16,5000,80000,GPU,3,0.0009102641182
inf03_A100,NVIDIA A100-PCIE-40GB,branching-4x4,17,5000,85000,CPU,3,0.0144159187
inf03_A100,NVIDIA A100-PCIE-40GB,branching-4x4,17,5000,85000,GPU,3,0.0009474640543
inf03_A100,NVIDIA A100-PCIE-40GB,linear-chain,16,10000,160000,CPU,3,0.0319458593
inf03_A100,NVIDIA A100-PCIE-40GB,linear-chain,16,10000,160000,GPU,3,0.001042586091
inf03_A100,NVIDIA A100-PCIE-40GB,branching-4x4,17,10000,170000,CPU,3,0.03319596161
inf03_A100,NVIDIA A100-PCIE-40GB,branching-4x4,17,10000,170000,GPU,3,0.001073324477
inf03_A100,NVIDIA A100-PCIE-40GB,linear-chain,16,20000,320000,CPU,3,0.06881579052
inf03_A100,NVIDIA A100-PCIE-40GB,linear-chain,16,20000,320000,GPU,3,0.00130727982
inf03_A100,NVIDIA A100-PCIE-40GB,branching-4x4,17,20000,340000,CPU,3,0.07293890173
inf03_A100,NVIDIA A100-PCIE-40GB,branching-4x4,17,20000,340000,GPU,3,0.001338359984
inf03_A100,NVIDIA A100-PCIE-40GB,linear-chain,16,50000,800000,CPU,3,0.1741923246
inf03_A100,NVIDIA A100-PCIE-40GB,linear-chain,16,50000,800000,GPU,3,0.002140336145
inf03_A100,NVIDIA A100-PCIE-40GB,branching-4x4,17,50000,850000,CPU,3,0.1834210309
inf03_A100,NVIDIA A100-PCIE-40GB,branching-4x4,17,50000,850000,GPU,3,0.002167654579
inf03_A100,NVIDIA A100-PCIE-40GB,linear-chain,16,100,1600,CPU,4,0.0001142121142
inf03_A100,NVIDIA A100-PCIE-40GB,linear-chain,16,100,1600,GPU,4,0.0004345089907
inf03_A100,NVIDIA A100-PCIE-40GB,branching-4x4,17,100,1700,CPU,4,0.0001144748536
inf03_A100,NVIDIA A100-PCIE-40GB,branching-4x4,17,100,1700,GPU,4,0.0004266240412
inf03_A100,NVIDIA A100-PCIE-40GB,linear-chain,16,500,8000,CPU,4,0.0007608077356
inf03_A100,NVIDIA A100-PCIE-40GB,linear-chain,16,500,8000,GPU,4,0.0004430362511
inf03_A100,NVIDIA A100-PCIE-40GB,branching-4x4,17,500,8500,CPU,4,0.0007424260179
inf03_A100,NVIDIA A100-PCIE-40GB,branching-4x4,17,500,8500,GPU,4,0.0003846390262
inf03_A100,NVIDIA A100-PCIE-40GB,linear-chain,16,1000,16000,CPU,4,0.001433242645
inf03_A100,NVIDIA A100-PCIE-40GB,linear-chain,16,1000,16000,GPU,4,0.0004746393788
inf03_A100,NVIDIA A100-PCIE-40GB,branching-4x4,17,1000,17000,CPU,4,0.00146860381
inf03_A100,NVIDIA A100-PCIE-40GB,branching-4x4,17,1000,17000,GPU,4,0.0004611473353
inf03_A100,NVIDIA A100-PCIE-40GB,linear-chain,16,2000,32000,CPU,4,0.003164318346
inf03_A100,NVIDIA A100-PCIE-40GB,linear-chain,16,2000,32000,GPU,4,0.0005076055725
inf03_A100,NVIDIA A100-PCIE-40GB,branching-4x4,17,2000,34000,CPU,4,0.003067628259
inf03_A100,NVIDIA A100-PCIE-40GB,branching-4x4,17,2000,34000,GPU,4,0.0004846292947
inf03_A100,NVIDIA A100-PCIE-40GB,linear-chain,16,5000,80000,CPU,4,0.01389953873
inf03_A100,NVIDIA A100-PCIE-40GB,linear-chain,16,5000,80000,GPU,4,0.0009114295244
inf03_A100,NVIDIA A100-PCIE-40GB,branching-4x4,17,5000,85000,CPU,4,0.01443352049
inf03_A100,NVIDIA A100-PCIE-40GB,branching-4x4,17,5000,85000,GPU,4,0.0009362073785
inf03_A100,NVIDIA A100-PCIE-40GB,linear-chain,16,10000,160000,CPU,4,0.03193489205
inf03_A100,NVIDIA A100-PCIE-40GB,linear-chain,16,10000,160000,GPU,4,0.001089276238
inf03_A100,NVIDIA A100-PCIE-40GB,branching-4x4,17,10000,170000,CPU,4,0.03363407092
inf03_A100,NVIDIA A100-PCIE-40GB,branching-4x4,17,10000,170000,GPU,4,0.001063684645
inf03_A100,NVIDIA A100-PCIE-40GB,linear-chain,16,20000,320000,CPU,4,0.06880426407
inf03_A100,NVIDIA A100-PCIE-40GB,linear-chain,16,20000,320000,GPU,4,0.001330366324
inf03_A100,NVIDIA A100-PCIE-40GB,branching-4x4,17,20000,340000,CPU,4,0.07286437641
inf03_A100,NVIDIA A100-PCIE-40GB,branching-4x4,17,20000,340000,GPU,4,0.001412320137
inf03_A100,NVIDIA A100-PCIE-40GB,linear-chain,16,50000,800000,CPU,4,0.174490998
inf03_A100,NVIDIA A100-PCIE-40GB,linear-chain,16,50000,800000,GPU,4,0.002157573944
inf03_A100,NVIDIA A100-PCIE-40GB,branching-4x4,17,50000,850000,CPU,4,0.1816908229
inf03_A100,NVIDIA A100-PCIE-40GB,branching-4x4,17,50000,850000,GPU,4,0.002149375189
inf03_A100,NVIDIA A100-PCIE-40GB,linear-chain,16,100,1600,CPU,5,0.0001106499916
inf03_A100,NVIDIA A100-PCIE-40GB,linear-chain,16,100,1600,GPU,5,0.0004546076059
inf03_A100,NVIDIA A100-PCIE-40GB,branching-4x4,17,100,1700,CPU,5,0.0001125011504
inf03_A100,NVIDIA A100-PCIE-40GB,branching-4x4,17,100,1700,GPU,5,0.0003956321804
inf03_A100,NVIDIA A100-PCIE-40GB,linear-chain,16,500,8000,CPU,5,0.0007140810291
inf03_A100,NVIDIA A100-PCIE-40GB,linear-chain,16,500,8000,GPU,5,0.0004377274286
inf03_A100,NVIDIA A100-PCIE-40GB,branching-4x4,17,500,8500,CPU,5,0.0007381361865
inf03_A100,NVIDIA A100-PCIE-40GB,branching-4x4,17,500,8500,GPU,5,0.0004704418991
inf03_A100,NVIDIA A100-PCIE-40GB,linear-chain,16,1000,16000,CPU,5,0.001412200218
inf03_A100,NVIDIA A100-PCIE-40GB,linear-chain,16,1000,16000,GPU,5,0.0004842446673
inf03_A100,NVIDIA A100-PCIE-40GB,branching-4x4,17,1000,17000,CPU,5,0.001445397451
inf03_A100,NVIDIA A100-PCIE-40GB,branching-4x4,17,1000,17000,GPU,5,0.0004699110985
inf03_A100,NVIDIA A100-PCIE-40GB,linear-chain,16,2000,32000,CPU,5,0.003071998982
inf03_A100,NVIDIA A100-PCIE-40GB,linear-chain,16,2000,32000,GPU,5,0.0005038198971
inf03_A100,NVIDIA A100-PCIE-40GB,branching-4x4,17,2000,34000,CPU,5,0.003400382825
inf03_A100,NVIDIA A100-PCIE-40GB,branching-4x4,17,2000,34000,GPU,5,0.0004852249154
inf03_A100,NVIDIA A100-PCIE-40GB,linear-chain,16,5000,80000,CPU,5,0.01402769956
inf03_A100,NVIDIA A100-PCIE-40GB,linear-chain,16,5000,80000,GPU,5,0.0009202004834
inf03_A100,NVIDIA A100-PCIE-40GB,branching-4x4,17,5000,85000,CPU,5,0.01465536248
inf03_A100,NVIDIA A100-PCIE-40GB,branching-4x4,17,5000,85000,GPU,5,0.0009281041947
inf03_A100,NVIDIA A100-PCIE-40GB,linear-chain,16,10000,160000,CPU,5,0.03225867748
inf03_A100,NVIDIA A100-PCIE-40GB,linear-chain,16,10000,160000,GPU,5,0.001106187295
inf03_A100,NVIDIA A100-PCIE-40GB,branching-4x4,17,10000,170000,CPU,5,0.03361932798
inf03_A100,NVIDIA A100-PCIE-40GB,branching-4x4,17,10000,170000,GPU,5,0.00111590949
inf03_A100,NVIDIA A100-PCIE-40GB,linear-chain,16,20000,320000,CPU,5,0.06940308918
inf03_A100,NVIDIA A100-PCIE-40GB,linear-chain,16,20000,320000,GPU,5,0.001326147806
inf03_A100,NVIDIA A100-PCIE-40GB,branching-4x4,17,20000,340000,CPU,5,0.07288230549
inf03_A100,NVIDIA A100-PCIE-40GB,branching-4x4,17,20000,340000,GPU,5,0.001400754804
inf03_A100,NVIDIA A100-PCIE-40GB,linear-chain,16,50000,800000,CPU,5,0.1735050895
inf03_A100,NVIDIA A100-PCIE-40GB,linear-chain,16,50000,800000,GPU,5,0.002119168775
inf03_A100,NVIDIA A100-PCIE-40GB,branching-4x4,17,50000,850000,CPU,5,0.1802209681
inf03_A100,NVIDIA A100-PCIE-40GB,branching-4x4,17,50000,850000,GPU,5,0.00222142569
