Time (%),Total Time (ns),Num Calls,Avg (ns),Med (ns),Min (ns),Max (ns),StdDev (ns),Name
86.8,831096876,5009,165920.7,163091.0,153817,174371,4495.5,cudaStreamSynchronize
6.7,64642448,5009,12905.3,12725.0,12122,34477,772.4,cudaGraphLaunch_v10000
6.0,57606150,8,7200768.8,26487.0,2325,57442357,20300680.9,cudaMalloc
0.3,2771019,7,395859.9,102705.0,9146,1168398,476010.0,cudaMemcpy
0.1,629342,2,314671.0,314671.0,4585,624757,438527.8,cudaMallocHost
0.0,332476,22,15112.5,244.5,206,142142,33362.1,cudaFree
0.0,247712,3,82570.7,5077.0,957,241678,137806.4,cudaFreeHost
0.0,202725,1,202725.0,202725.0,202725,202725,0.0,cudaLaunchKernel
0.0,57044,1,57044.0,57044.0,57044,57044,0.0,cudaGraphInstantiate_v12000
0.0,40147,1,40147.0,40147.0,40147,40147,0.0,cudaGetDeviceProperties_v2_v12000
0.0,32615,2,16307.5,16307.5,2191,30424,19963.7,cudaMemcpyAsync
0.0,22967,1,22967.0,22967.0,22967,22967,0.0,cudaGraphExecDestroy_v10000
0.0,13728,1,13728.0,13728.0,13728,13728,0.0,cudaStreamBeginCapture_v10000
0.0,11991,1,11991.0,11991.0,11991,11991,0.0,cudaStreamCreate
0.0,6334,2,3167.0,3167.0,535,5799,3722.2,cudaEventCreate
0.0,4614,1,4614.0,4614.0,4614,4614,0.0,cudaGraphDestroy_v10000
0.0,4433,1,4433.0,4433.0,4433,4433,0.0,cudaStreamDestroy
0.0,2669,2,1334.5,1334.5,508,2161,1168.8,cudaEventDestroy
0.0,2334,1,2334.0,2334.0,2334,2334,0.0,cudaStreamEndCapture_v10000
0.0,914,1,914.0,914.0,914,914,0.0,cuModuleGetLoadingMode
