id,where,kind,units,format,extract,data,select,num,den,x,col,inputs,session,stage,hardware,minutes,tolerance_pct,value,notes
singlecomp_cuda_a40_n500,tab:cuda,measured,x,%.1f,ratio,cluster_bringup/logs/singlecomp_walltime_inf02_20260815_132840.csv,n_neurons=500,mode=cpu,mode=gpu,,wall_s,,inf02-20260815,cluster_bringup/53_singlecomp_walltime.sh,a40,30,20,,
singlecomp_cuda_a40_n500_sd,tab:cuda,measured,x,%.1f,ratio_sd,cluster_bringup/logs/singlecomp_walltime_inf02_20260815_132840.csv,n_neurons=500,mode=cpu,mode=gpu,,wall_s,,inf02-20260815,cluster_bringup/53_singlecomp_walltime.sh,a40,30,100,,
singlecomp_cuda_a40_n5000,tab:cuda,measured,x,%.1f,ratio,cluster_bringup/logs/singlecomp_walltime_inf02_20260815_132840.csv,n_neurons=5000,mode=cpu,mode=gpu,,wall_s,,inf02-20260815,cluster_bringup/53_singlecomp_walltime.sh,a40,30,20,,
singlecomp_cuda_a40_n5000_sd,tab:cuda,measured,x,%.1f,ratio_sd,cluster_bringup/logs/singlecomp_walltime_inf02_20260815_132840.csv,n_neurons=5000,mode=cpu,mode=gpu,,wall_s,,inf02-20260815,cluster_bringup/53_singlecomp_walltime.sh,a40,30,100,,
singlecomp_cuda_a40_n50000,tab:cuda,measured,x,%.1f,ratio,cluster_bringup/logs/singlecomp_walltime_inf02_20260815_132840.csv,n_neurons=50000,mode=cpu,mode=gpu,,wall_s,,inf02-20260815,cluster_bringup/53_singlecomp_walltime.sh,a40,30,20,,
singlecomp_cuda_a40_n50000_sd,tab:cuda,measured,x,%.1f,ratio_sd,cluster_bringup/logs/singlecomp_walltime_inf02_20260815_132840.csv,n_neurons=50000,mode=cpu,mode=gpu,,wall_s,,inf02-20260815,cluster_bringup/53_singlecomp_walltime.sh,a40,30,100,,
singlecomp_cuda_a100_n500,tab:cuda,measured,x,%.1f,ratio,cluster_bringup/logs/singlecomp_walltime_inf03_20260815_135147.csv,n_neurons=500,mode=cpu,mode=gpu,,wall_s,,inf03-20260815,cluster_bringup/53_singlecomp_walltime.sh,a100,30,20,,
singlecomp_cuda_a100_n500_sd,tab:cuda,measured,x,%.1f,ratio_sd,cluster_bringup/logs/singlecomp_walltime_inf03_20260815_135147.csv,n_neurons=500,mode=cpu,mode=gpu,,wall_s,,inf03-20260815,cluster_bringup/53_singlecomp_walltime.sh,a100,30,100,,
singlecomp_cuda_a100_n5000,tab:cuda,measured,x,%.1f,ratio,cluster_bringup/logs/singlecomp_walltime_inf03_20260815_135147.csv,n_neurons=5000,mode=cpu,mode=gpu,,wall_s,,inf03-20260815,cluster_bringup/53_singlecomp_walltime.sh,a100,30,20,,
singlecomp_cuda_a100_n5000_sd,tab:cuda,measured,x,%.1f,ratio_sd,cluster_bringup/logs/singlecomp_walltime_inf03_20260815_135147.csv,n_neurons=5000,mode=cpu,mode=gpu,,wall_s,,inf03-20260815,cluster_bringup/53_singlecomp_walltime.sh,a100,30,100,,
singlecomp_cuda_a100_n50000,tab:cuda,measured,x,%.1f,ratio,cluster_bringup/logs/singlecomp_walltime_inf03_20260815_135147.csv,n_neurons=50000,mode=cpu,mode=gpu,,wall_s,,inf03-20260815,cluster_bringup/53_singlecomp_walltime.sh,a100,30,20,,
singlecomp_cuda_a100_n50000_sd,tab:cuda,measured,x,%.1f,ratio_sd,cluster_bringup/logs/singlecomp_walltime_inf03_20260815_135147.csv,n_neurons=50000,mode=cpu,mode=gpu,,wall_s,,inf03-20260815,cluster_bringup/53_singlecomp_walltime.sh,a100,30,100,,
singlecomp_ocl_a40_n500,tab:cuda,measured,x,%.1f,mean,cluster_bringup/logs/opencl_cluster_20260818.csv,node=inf02;n_neurons=500,,,,speedup,,inf02-20260818,cluster_bringup/56_opencl_cluster_bench.sh,a40,20,20,,"only the per-configuration mean of 3 replicates was saved, not the replicates"
singlecomp_ocl_a40_n5000,tab:cuda,measured,x,%.1f,mean,cluster_bringup/logs/opencl_cluster_20260818.csv,node=inf02;n_neurons=5000,,,,speedup,,inf02-20260818,cluster_bringup/56_opencl_cluster_bench.sh,a40,20,20,,"only the per-configuration mean of 3 replicates was saved, not the replicates"
singlecomp_ocl_a40_n50000,tab:cuda,measured,x,%.1f,mean,cluster_bringup/logs/opencl_cluster_20260818.csv,node=inf02;n_neurons=50000,,,,speedup,,inf02-20260818,cluster_bringup/56_opencl_cluster_bench.sh,a40,20,20,,"only the per-configuration mean of 3 replicates was saved, not the replicates"
singlecomp_ocl_a100_n500,tab:cuda,measured,x,%.1f,mean,cluster_bringup/logs/opencl_cluster_20260818.csv,node=inf03;n_neurons=500,,,,speedup,,inf03-20260818,cluster_bringup/56_opencl_cluster_bench.sh,a100,20,20,,"only the per-configuration mean of 3 replicates was saved, not the replicates"
singlecomp_ocl_a100_n5000,tab:cuda,measured,x,%.1f,mean,cluster_bringup/logs/opencl_cluster_20260818.csv,node=inf03;n_neurons=5000,,,,speedup,,inf03-20260818,cluster_bringup/56_opencl_cluster_bench.sh,a100,20,20,,"only the per-configuration mean of 3 replicates was saved, not the replicates"
singlecomp_ocl_a100_n50000,tab:cuda,measured,x,%.1f,mean,cluster_bringup/logs/opencl_cluster_20260818.csv,node=inf03;n_neurons=50000,,,,speedup,,inf03-20260818,cluster_bringup/56_opencl_cluster_bench.sh,a100,20,20,,"only the per-configuration mean of 3 replicates was saved, not the replicates"
cuda_parity_v,sec:3,measured,V,%.0e,regex,cluster_bringup/logs/validate_parity_inf02_20260820.log,\|CPU-CUDA\|\s*=\s*([0-9.eE+-]+) V,,,,,,inf02-20260820,cluster_bringup/20_validate.sh,nvidia,5,100,,
multicomp_step_a40_n100,tab:multicomp;fig:multicomp_speedup,measured,x,%.1f,ratio,cluster_bringup/logs/weekend_campaign_inf02_A40_20260816_clean.csv,n_neurons=100;topology=linear-chain,mode=CPU,mode=GPU,,t_per_step_s,,inf02-20260816,cluster_bringup/51_weekend_campaign.sh,a40,240,20,,
multicomp_step_a40_n100_sd,tab:multicomp;fig:multicomp_speedup,measured,x,%.2f,ratio_sd,cluster_bringup/logs/weekend_campaign_inf02_A40_20260816_clean.csv,n_neurons=100;topology=linear-chain,mode=CPU,mode=GPU,,t_per_step_s,,inf02-20260816,cluster_bringup/51_weekend_campaign.sh,a40,240,100,,
multicomp_e2e_a40_n100,tab:multicomp;fig:multicomp_speedup,measured,x,%.2f,ratio,cluster_bringup/logs/multicomp_walltime_createmap_inf02_A40_clean.csv,n_neurons=100,mode=cpu,mode=gpu,,wall_s,,inf02-20260816-clean,cluster_bringup/clean_multicomp_sweep.sh,a40,240,20,,
multicomp_e2e_a40_n100_sd,tab:multicomp;fig:multicomp_speedup,measured,x,%.2f,ratio_sd,cluster_bringup/logs/multicomp_walltime_createmap_inf02_A40_clean.csv,n_neurons=100,mode=cpu,mode=gpu,,wall_s,,inf02-20260816-clean,cluster_bringup/clean_multicomp_sweep.sh,a40,240,100,,
multicomp_step_a40_n500,tab:multicomp;fig:multicomp_speedup,measured,x,%.1f,ratio,cluster_bringup/logs/weekend_campaign_inf02_A40_20260816_clean.csv,n_neurons=500;topology=linear-chain,mode=CPU,mode=GPU,,t_per_step_s,,inf02-20260816,cluster_bringup/51_weekend_campaign.sh,a40,240,20,,
multicomp_step_a40_n500_sd,tab:multicomp;fig:multicomp_speedup,measured,x,%.2f,ratio_sd,cluster_bringup/logs/weekend_campaign_inf02_A40_20260816_clean.csv,n_neurons=500;topology=linear-chain,mode=CPU,mode=GPU,,t_per_step_s,,inf02-20260816,cluster_bringup/51_weekend_campaign.sh,a40,240,100,,
multicomp_e2e_a40_n500,tab:multicomp;fig:multicomp_speedup,measured,x,%.2f,ratio,cluster_bringup/logs/multicomp_walltime_createmap_inf02_A40_clean.csv,n_neurons=500,mode=cpu,mode=gpu,,wall_s,,inf02-20260816-clean,cluster_bringup/clean_multicomp_sweep.sh,a40,240,20,,
multicomp_e2e_a40_n500_sd,tab:multicomp;fig:multicomp_speedup,measured,x,%.2f,ratio_sd,cluster_bringup/logs/multicomp_walltime_createmap_inf02_A40_clean.csv,n_neurons=500,mode=cpu,mode=gpu,,wall_s,,inf02-20260816-clean,cluster_bringup/clean_multicomp_sweep.sh,a40,240,100,,
multicomp_step_a40_n1000,tab:multicomp;fig:multicomp_speedup,measured,x,%.1f,ratio,cluster_bringup/logs/weekend_campaign_inf02_A40_20260816_clean.csv,n_neurons=1000;topology=linear-chain,mode=CPU,mode=GPU,,t_per_step_s,,inf02-20260816,cluster_bringup/51_weekend_campaign.sh,a40,240,20,,
multicomp_step_a40_n1000_sd,tab:multicomp;fig:multicomp_speedup,measured,x,%.2f,ratio_sd,cluster_bringup/logs/weekend_campaign_inf02_A40_20260816_clean.csv,n_neurons=1000;topology=linear-chain,mode=CPU,mode=GPU,,t_per_step_s,,inf02-20260816,cluster_bringup/51_weekend_campaign.sh,a40,240,100,,
multicomp_e2e_a40_n1000,tab:multicomp;fig:multicomp_speedup,measured,x,%.2f,ratio,cluster_bringup/logs/multicomp_walltime_createmap_inf02_A40_clean.csv,n_neurons=1000,mode=cpu,mode=gpu,,wall_s,,inf02-20260816-clean,cluster_bringup/clean_multicomp_sweep.sh,a40,240,20,,
multicomp_e2e_a40_n1000_sd,tab:multicomp;fig:multicomp_speedup,measured,x,%.2f,ratio_sd,cluster_bringup/logs/multicomp_walltime_createmap_inf02_A40_clean.csv,n_neurons=1000,mode=cpu,mode=gpu,,wall_s,,inf02-20260816-clean,cluster_bringup/clean_multicomp_sweep.sh,a40,240,100,,
multicomp_step_a40_n2000,tab:multicomp;fig:multicomp_speedup,measured,x,%.1f,ratio,cluster_bringup/logs/weekend_campaign_inf02_A40_20260816_clean.csv,n_neurons=2000;topology=linear-chain,mode=CPU,mode=GPU,,t_per_step_s,,inf02-20260816,cluster_bringup/51_weekend_campaign.sh,a40,240,20,,
multicomp_step_a40_n2000_sd,tab:multicomp;fig:multicomp_speedup,measured,x,%.2f,ratio_sd,cluster_bringup/logs/weekend_campaign_inf02_A40_20260816_clean.csv,n_neurons=2000;topology=linear-chain,mode=CPU,mode=GPU,,t_per_step_s,,inf02-20260816,cluster_bringup/51_weekend_campaign.sh,a40,240,100,,
multicomp_e2e_a40_n2000,tab:multicomp;fig:multicomp_speedup,measured,x,%.2f,ratio,cluster_bringup/logs/multicomp_walltime_createmap_inf02_A40_clean.csv,n_neurons=2000,mode=cpu,mode=gpu,,wall_s,,inf02-20260816-clean,cluster_bringup/clean_multicomp_sweep.sh,a40,240,20,,
multicomp_e2e_a40_n2000_sd,tab:multicomp;fig:multicomp_speedup,measured,x,%.2f,ratio_sd,cluster_bringup/logs/multicomp_walltime_createmap_inf02_A40_clean.csv,n_neurons=2000,mode=cpu,mode=gpu,,wall_s,,inf02-20260816-clean,cluster_bringup/clean_multicomp_sweep.sh,a40,240,100,,
multicomp_step_a40_n3000,tab:multicomp;fig:multicomp_speedup,measured,x,%.1f,ratio,cluster_bringup/logs/weekend_campaign_inf02_A40_20260816_clean.csv,n_neurons=3000;topology=linear-chain,mode=CPU,mode=GPU,,t_per_step_s,,inf02-20260816,cluster_bringup/51_weekend_campaign.sh,a40,240,20,,
multicomp_step_a40_n3000_sd,tab:multicomp;fig:multicomp_speedup,measured,x,%.2f,ratio_sd,cluster_bringup/logs/weekend_campaign_inf02_A40_20260816_clean.csv,n_neurons=3000;topology=linear-chain,mode=CPU,mode=GPU,,t_per_step_s,,inf02-20260816,cluster_bringup/51_weekend_campaign.sh,a40,240,100,,
multicomp_e2e_a40_n3000,tab:multicomp;fig:multicomp_speedup,measured,x,%.2f,ratio,cluster_bringup/logs/multicomp_walltime_createmap_inf02_A40_clean.csv,n_neurons=3000,mode=cpu,mode=gpu,,wall_s,,inf02-20260816-clean,cluster_bringup/clean_multicomp_sweep.sh,a40,240,20,,
multicomp_e2e_a40_n3000_sd,tab:multicomp;fig:multicomp_speedup,measured,x,%.2f,ratio_sd,cluster_bringup/logs/multicomp_walltime_createmap_inf02_A40_clean.csv,n_neurons=3000,mode=cpu,mode=gpu,,wall_s,,inf02-20260816-clean,cluster_bringup/clean_multicomp_sweep.sh,a40,240,100,,
multicomp_step_a40_n5000,tab:multicomp;fig:multicomp_speedup,measured,x,%.1f,ratio,cluster_bringup/logs/weekend_campaign_inf02_A40_20260816_clean.csv,n_neurons=5000;topology=linear-chain,mode=CPU,mode=GPU,,t_per_step_s,,inf02-20260816,cluster_bringup/51_weekend_campaign.sh,a40,240,20,,
multicomp_step_a40_n5000_sd,tab:multicomp;fig:multicomp_speedup,measured,x,%.2f,ratio_sd,cluster_bringup/logs/weekend_campaign_inf02_A40_20260816_clean.csv,n_neurons=5000;topology=linear-chain,mode=CPU,mode=GPU,,t_per_step_s,,inf02-20260816,cluster_bringup/51_weekend_campaign.sh,a40,240,100,,
multicomp_e2e_a40_n5000,tab:multicomp;fig:multicomp_speedup,measured,x,%.2f,ratio,cluster_bringup/logs/multicomp_walltime_createmap_inf02_A40_clean.csv,n_neurons=5000,mode=cpu,mode=gpu,,wall_s,,inf02-20260816-clean,cluster_bringup/clean_multicomp_sweep.sh,a40,240,20,,
multicomp_e2e_a40_n5000_sd,tab:multicomp;fig:multicomp_speedup,measured,x,%.2f,ratio_sd,cluster_bringup/logs/multicomp_walltime_createmap_inf02_A40_clean.csv,n_neurons=5000,mode=cpu,mode=gpu,,wall_s,,inf02-20260816-clean,cluster_bringup/clean_multicomp_sweep.sh,a40,240,100,,
multicomp_step_a40_n7000,tab:multicomp;fig:multicomp_speedup,measured,x,%.1f,ratio,cluster_bringup/logs/weekend_campaign_inf02_A40_20260816_clean.csv,n_neurons=7000;topology=linear-chain,mode=CPU,mode=GPU,,t_per_step_s,,inf02-20260816,cluster_bringup/51_weekend_campaign.sh,a40,240,20,,
multicomp_step_a40_n7000_sd,tab:multicomp;fig:multicomp_speedup,measured,x,%.2f,ratio_sd,cluster_bringup/logs/weekend_campaign_inf02_A40_20260816_clean.csv,n_neurons=7000;topology=linear-chain,mode=CPU,mode=GPU,,t_per_step_s,,inf02-20260816,cluster_bringup/51_weekend_campaign.sh,a40,240,100,,
multicomp_e2e_a40_n7000,tab:multicomp;fig:multicomp_speedup,measured,x,%.2f,ratio,cluster_bringup/logs/multicomp_walltime_createmap_inf02_A40_clean.csv,n_neurons=7000,mode=cpu,mode=gpu,,wall_s,,inf02-20260816-clean,cluster_bringup/clean_multicomp_sweep.sh,a40,240,20,,
multicomp_e2e_a40_n7000_sd,tab:multicomp;fig:multicomp_speedup,measured,x,%.2f,ratio_sd,cluster_bringup/logs/multicomp_walltime_createmap_inf02_A40_clean.csv,n_neurons=7000,mode=cpu,mode=gpu,,wall_s,,inf02-20260816-clean,cluster_bringup/clean_multicomp_sweep.sh,a40,240,100,,
multicomp_step_a40_n10000,tab:multicomp;fig:multicomp_speedup,measured,x,%.1f,ratio,cluster_bringup/logs/weekend_campaign_inf02_A40_20260816_clean.csv,n_neurons=10000;topology=linear-chain,mode=CPU,mode=GPU,,t_per_step_s,,inf02-20260816,cluster_bringup/51_weekend_campaign.sh,a40,240,20,,
multicomp_step_a40_n10000_sd,tab:multicomp;fig:multicomp_speedup,measured,x,%.2f,ratio_sd,cluster_bringup/logs/weekend_campaign_inf02_A40_20260816_clean.csv,n_neurons=10000;topology=linear-chain,mode=CPU,mode=GPU,,t_per_step_s,,inf02-20260816,cluster_bringup/51_weekend_campaign.sh,a40,240,100,,
multicomp_e2e_a40_n10000,tab:multicomp;fig:multicomp_speedup,measured,x,%.2f,ratio,cluster_bringup/logs/multicomp_walltime_createmap_inf02_A40_clean.csv,n_neurons=10000,mode=cpu,mode=gpu,,wall_s,,inf02-20260816-clean,cluster_bringup/clean_multicomp_sweep.sh,a40,240,20,,
multicomp_e2e_a40_n10000_sd,tab:multicomp;fig:multicomp_speedup,measured,x,%.2f,ratio_sd,cluster_bringup/logs/multicomp_walltime_createmap_inf02_A40_clean.csv,n_neurons=10000,mode=cpu,mode=gpu,,wall_s,,inf02-20260816-clean,cluster_bringup/clean_multicomp_sweep.sh,a40,240,100,,
multicomp_step_a40_n15000,tab:multicomp;fig:multicomp_speedup,measured,x,%.1f,ratio,cluster_bringup/logs/weekend_campaign_inf02_A40_20260816_clean.csv,n_neurons=15000;topology=linear-chain,mode=CPU,mode=GPU,,t_per_step_s,,inf02-20260816,cluster_bringup/51_weekend_campaign.sh,a40,240,20,,
multicomp_step_a40_n15000_sd,tab:multicomp;fig:multicomp_speedup,measured,x,%.2f,ratio_sd,cluster_bringup/logs/weekend_campaign_inf02_A40_20260816_clean.csv,n_neurons=15000;topology=linear-chain,mode=CPU,mode=GPU,,t_per_step_s,,inf02-20260816,cluster_bringup/51_weekend_campaign.sh,a40,240,100,,
multicomp_e2e_a40_n15000,tab:multicomp;fig:multicomp_speedup,measured,x,%.2f,ratio,cluster_bringup/logs/multicomp_walltime_createmap_inf02_A40_clean.csv,n_neurons=15000,mode=cpu,mode=gpu,,wall_s,,inf02-20260816-clean,cluster_bringup/clean_multicomp_sweep.sh,a40,240,20,,
multicomp_e2e_a40_n15000_sd,tab:multicomp;fig:multicomp_speedup,measured,x,%.2f,ratio_sd,cluster_bringup/logs/multicomp_walltime_createmap_inf02_A40_clean.csv,n_neurons=15000,mode=cpu,mode=gpu,,wall_s,,inf02-20260816-clean,cluster_bringup/clean_multicomp_sweep.sh,a40,240,100,,
multicomp_step_a40_n20000,tab:multicomp;fig:multicomp_speedup,measured,x,%.1f,ratio,cluster_bringup/logs/weekend_campaign_inf02_A40_20260816_clean.csv,n_neurons=20000;topology=linear-chain,mode=CPU,mode=GPU,,t_per_step_s,,inf02-20260816,cluster_bringup/51_weekend_campaign.sh,a40,240,20,,
multicomp_step_a40_n20000_sd,tab:multicomp;fig:multicomp_speedup,measured,x,%.2f,ratio_sd,cluster_bringup/logs/weekend_campaign_inf02_A40_20260816_clean.csv,n_neurons=20000;topology=linear-chain,mode=CPU,mode=GPU,,t_per_step_s,,inf02-20260816,cluster_bringup/51_weekend_campaign.sh,a40,240,100,,
multicomp_e2e_a40_n20000,tab:multicomp;fig:multicomp_speedup,measured,x,%.2f,ratio,cluster_bringup/logs/multicomp_walltime_createmap_inf02_A40_clean.csv,n_neurons=20000,mode=cpu,mode=gpu,,wall_s,,inf02-20260816-clean,cluster_bringup/clean_multicomp_sweep.sh,a40,240,20,,
multicomp_e2e_a40_n20000_sd,tab:multicomp;fig:multicomp_speedup,measured,x,%.2f,ratio_sd,cluster_bringup/logs/multicomp_walltime_createmap_inf02_A40_clean.csv,n_neurons=20000,mode=cpu,mode=gpu,,wall_s,,inf02-20260816-clean,cluster_bringup/clean_multicomp_sweep.sh,a40,240,100,,
multicomp_step_a40_n30000,tab:multicomp;fig:multicomp_speedup,measured,x,%.1f,ratio,cluster_bringup/logs/weekend_campaign_inf02_A40_20260816_clean.csv,n_neurons=30000;topology=linear-chain,mode=CPU,mode=GPU,,t_per_step_s,,inf02-20260816,cluster_bringup/51_weekend_campaign.sh,a40,240,20,,
multicomp_step_a40_n30000_sd,tab:multicomp;fig:multicomp_speedup,measured,x,%.2f,ratio_sd,cluster_bringup/logs/weekend_campaign_inf02_A40_20260816_clean.csv,n_neurons=30000;topology=linear-chain,mode=CPU,mode=GPU,,t_per_step_s,,inf02-20260816,cluster_bringup/51_weekend_campaign.sh,a40,240,100,,
multicomp_e2e_a40_n30000,tab:multicomp;fig:multicomp_speedup,measured,x,%.2f,ratio,cluster_bringup/logs/multicomp_walltime_createmap_inf02_A40_clean.csv,n_neurons=30000,mode=cpu,mode=gpu,,wall_s,,inf02-20260816-clean,cluster_bringup/clean_multicomp_sweep.sh,a40,240,20,,
multicomp_e2e_a40_n30000_sd,tab:multicomp;fig:multicomp_speedup,measured,x,%.2f,ratio_sd,cluster_bringup/logs/multicomp_walltime_createmap_inf02_A40_clean.csv,n_neurons=30000,mode=cpu,mode=gpu,,wall_s,,inf02-20260816-clean,cluster_bringup/clean_multicomp_sweep.sh,a40,240,100,,
multicomp_step_a40_n40000,tab:multicomp;fig:multicomp_speedup,measured,x,%.1f,ratio,cluster_bringup/logs/weekend_campaign_inf02_A40_20260816_clean.csv,n_neurons=40000;topology=linear-chain,mode=CPU,mode=GPU,,t_per_step_s,,inf02-20260816,cluster_bringup/51_weekend_campaign.sh,a40,240,20,,
multicomp_step_a40_n40000_sd,tab:multicomp;fig:multicomp_speedup,measured,x,%.2f,ratio_sd,cluster_bringup/logs/weekend_campaign_inf02_A40_20260816_clean.csv,n_neurons=40000;topology=linear-chain,mode=CPU,mode=GPU,,t_per_step_s,,inf02-20260816,cluster_bringup/51_weekend_campaign.sh,a40,240,100,,
multicomp_e2e_a40_n40000,tab:multicomp;fig:multicomp_speedup,measured,x,%.2f,ratio,cluster_bringup/logs/multicomp_walltime_createmap_inf02_A40_clean.csv,n_neurons=40000,mode=cpu,mode=gpu,,wall_s,,inf02-20260816-clean,cluster_bringup/clean_multicomp_sweep.sh,a40,240,20,,
multicomp_e2e_a40_n40000_sd,tab:multicomp;fig:multicomp_speedup,measured,x,%.2f,ratio_sd,cluster_bringup/logs/multicomp_walltime_createmap_inf02_A40_clean.csv,n_neurons=40000,mode=cpu,mode=gpu,,wall_s,,inf02-20260816-clean,cluster_bringup/clean_multicomp_sweep.sh,a40,240,100,,
multicomp_step_a40_n50000,tab:multicomp;fig:multicomp_speedup,measured,x,%.1f,ratio,cluster_bringup/logs/weekend_campaign_inf02_A40_20260816_clean.csv,n_neurons=50000;topology=linear-chain,mode=CPU,mode=GPU,,t_per_step_s,,inf02-20260816,cluster_bringup/51_weekend_campaign.sh,a40,240,20,,
multicomp_step_a40_n50000_sd,tab:multicomp;fig:multicomp_speedup,measured,x,%.2f,ratio_sd,cluster_bringup/logs/weekend_campaign_inf02_A40_20260816_clean.csv,n_neurons=50000;topology=linear-chain,mode=CPU,mode=GPU,,t_per_step_s,,inf02-20260816,cluster_bringup/51_weekend_campaign.sh,a40,240,100,,
multicomp_e2e_a40_n50000,tab:multicomp;fig:multicomp_speedup,measured,x,%.2f,ratio,cluster_bringup/logs/multicomp_walltime_createmap_inf02_A40_clean.csv,n_neurons=50000,mode=cpu,mode=gpu,,wall_s,,inf02-20260816-clean,cluster_bringup/clean_multicomp_sweep.sh,a40,240,20,,
multicomp_e2e_a40_n50000_sd,tab:multicomp;fig:multicomp_speedup,measured,x,%.2f,ratio_sd,cluster_bringup/logs/multicomp_walltime_createmap_inf02_A40_clean.csv,n_neurons=50000,mode=cpu,mode=gpu,,wall_s,,inf02-20260816-clean,cluster_bringup/clean_multicomp_sweep.sh,a40,240,100,,
multicomp_step_a100_n100,tab:multicomp;fig:multicomp_speedup,measured,x,%.1f,ratio,cluster_bringup/logs/weekend_campaign_inf03_A100_20260816_clean.csv,n_neurons=100;topology=linear-chain,mode=CPU,mode=GPU,,t_per_step_s,,inf03-20260816,cluster_bringup/51_weekend_campaign.sh,a100,240,20,,
multicomp_step_a100_n100_sd,tab:multicomp;fig:multicomp_speedup,measured,x,%.2f,ratio_sd,cluster_bringup/logs/weekend_campaign_inf03_A100_20260816_clean.csv,n_neurons=100;topology=linear-chain,mode=CPU,mode=GPU,,t_per_step_s,,inf03-20260816,cluster_bringup/51_weekend_campaign.sh,a100,240,100,,
multicomp_e2e_a100_n100,tab:multicomp;fig:multicomp_speedup,measured,x,%.2f,ratio,cluster_bringup/logs/multicomp_walltime_createmap_inf03_A100_clean.csv,n_neurons=100,mode=cpu,mode=gpu,,wall_s,,inf03-20260816-clean,cluster_bringup/clean_multicomp_sweep.sh,a100,240,20,,
multicomp_e2e_a100_n100_sd,tab:multicomp;fig:multicomp_speedup,measured,x,%.2f,ratio_sd,cluster_bringup/logs/multicomp_walltime_createmap_inf03_A100_clean.csv,n_neurons=100,mode=cpu,mode=gpu,,wall_s,,inf03-20260816-clean,cluster_bringup/clean_multicomp_sweep.sh,a100,240,100,,
multicomp_step_a100_n500,tab:multicomp;fig:multicomp_speedup,measured,x,%.1f,ratio,cluster_bringup/logs/weekend_campaign_inf03_A100_20260816_clean.csv,n_neurons=500;topology=linear-chain,mode=CPU,mode=GPU,,t_per_step_s,,inf03-20260816,cluster_bringup/51_weekend_campaign.sh,a100,240,20,,
multicomp_step_a100_n500_sd,tab:multicomp;fig:multicomp_speedup,measured,x,%.2f,ratio_sd,cluster_bringup/logs/weekend_campaign_inf03_A100_20260816_clean.csv,n_neurons=500;topology=linear-chain,mode=CPU,mode=GPU,,t_per_step_s,,inf03-20260816,cluster_bringup/51_weekend_campaign.sh,a100,240,100,,
multicomp_e2e_a100_n500,tab:multicomp;fig:multicomp_speedup,measured,x,%.2f,ratio,cluster_bringup/logs/multicomp_walltime_createmap_inf03_A100_clean.csv,n_neurons=500,mode=cpu,mode=gpu,,wall_s,,inf03-20260816-clean,cluster_bringup/clean_multicomp_sweep.sh,a100,240,20,,
multicomp_e2e_a100_n500_sd,tab:multicomp;fig:multicomp_speedup,measured,x,%.2f,ratio_sd,cluster_bringup/logs/multicomp_walltime_createmap_inf03_A100_clean.csv,n_neurons=500,mode=cpu,mode=gpu,,wall_s,,inf03-20260816-clean,cluster_bringup/clean_multicomp_sweep.sh,a100,240,100,,
multicomp_step_a100_n1000,tab:multicomp;fig:multicomp_speedup,measured,x,%.1f,ratio,cluster_bringup/logs/weekend_campaign_inf03_A100_20260816_clean.csv,n_neurons=1000;topology=linear-chain,mode=CPU,mode=GPU,,t_per_step_s,,inf03-20260816,cluster_bringup/51_weekend_campaign.sh,a100,240,20,,
multicomp_step_a100_n1000_sd,tab:multicomp;fig:multicomp_speedup,measured,x,%.2f,ratio_sd,cluster_bringup/logs/weekend_campaign_inf03_A100_20260816_clean.csv,n_neurons=1000;topology=linear-chain,mode=CPU,mode=GPU,,t_per_step_s,,inf03-20260816,cluster_bringup/51_weekend_campaign.sh,a100,240,100,,
multicomp_e2e_a100_n1000,tab:multicomp;fig:multicomp_speedup,measured,x,%.2f,ratio,cluster_bringup/logs/multicomp_walltime_createmap_inf03_A100_clean.csv,n_neurons=1000,mode=cpu,mode=gpu,,wall_s,,inf03-20260816-clean,cluster_bringup/clean_multicomp_sweep.sh,a100,240,20,,
multicomp_e2e_a100_n1000_sd,tab:multicomp;fig:multicomp_speedup,measured,x,%.2f,ratio_sd,cluster_bringup/logs/multicomp_walltime_createmap_inf03_A100_clean.csv,n_neurons=1000,mode=cpu,mode=gpu,,wall_s,,inf03-20260816-clean,cluster_bringup/clean_multicomp_sweep.sh,a100,240,100,,
multicomp_step_a100_n2000,tab:multicomp;fig:multicomp_speedup,measured,x,%.1f,ratio,cluster_bringup/logs/weekend_campaign_inf03_A100_20260816_clean.csv,n_neurons=2000;topology=linear-chain,mode=CPU,mode=GPU,,t_per_step_s,,inf03-20260816,cluster_bringup/51_weekend_campaign.sh,a100,240,20,,
multicomp_step_a100_n2000_sd,tab:multicomp;fig:multicomp_speedup,measured,x,%.2f,ratio_sd,cluster_bringup/logs/weekend_campaign_inf03_A100_20260816_clean.csv,n_neurons=2000;topology=linear-chain,mode=CPU,mode=GPU,,t_per_step_s,,inf03-20260816,cluster_bringup/51_weekend_campaign.sh,a100,240,100,,
multicomp_e2e_a100_n2000,tab:multicomp;fig:multicomp_speedup,measured,x,%.2f,ratio,cluster_bringup/logs/multicomp_walltime_createmap_inf03_A100_clean.csv,n_neurons=2000,mode=cpu,mode=gpu,,wall_s,,inf03-20260816-clean,cluster_bringup/clean_multicomp_sweep.sh,a100,240,20,,
multicomp_e2e_a100_n2000_sd,tab:multicomp;fig:multicomp_speedup,measured,x,%.2f,ratio_sd,cluster_bringup/logs/multicomp_walltime_createmap_inf03_A100_clean.csv,n_neurons=2000,mode=cpu,mode=gpu,,wall_s,,inf03-20260816-clean,cluster_bringup/clean_multicomp_sweep.sh,a100,240,100,,
multicomp_step_a100_n3000,tab:multicomp;fig:multicomp_speedup,measured,x,%.1f,ratio,cluster_bringup/logs/weekend_campaign_inf03_A100_20260816_clean.csv,n_neurons=3000;topology=linear-chain,mode=CPU,mode=GPU,,t_per_step_s,,inf03-20260816,cluster_bringup/51_weekend_campaign.sh,a100,240,20,,
multicomp_step_a100_n3000_sd,tab:multicomp;fig:multicomp_speedup,measured,x,%.2f,ratio_sd,cluster_bringup/logs/weekend_campaign_inf03_A100_20260816_clean.csv,n_neurons=3000;topology=linear-chain,mode=CPU,mode=GPU,,t_per_step_s,,inf03-20260816,cluster_bringup/51_weekend_campaign.sh,a100,240,100,,
multicomp_e2e_a100_n3000,tab:multicomp;fig:multicomp_speedup,measured,x,%.2f,ratio,cluster_bringup/logs/multicomp_walltime_createmap_inf03_A100_clean.csv,n_neurons=3000,mode=cpu,mode=gpu,,wall_s,,inf03-20260816-clean,cluster_bringup/clean_multicomp_sweep.sh,a100,240,20,,
multicomp_e2e_a100_n3000_sd,tab:multicomp;fig:multicomp_speedup,measured,x,%.2f,ratio_sd,cluster_bringup/logs/multicomp_walltime_createmap_inf03_A100_clean.csv,n_neurons=3000,mode=cpu,mode=gpu,,wall_s,,inf03-20260816-clean,cluster_bringup/clean_multicomp_sweep.sh,a100,240,100,,
multicomp_step_a100_n5000,tab:multicomp;fig:multicomp_speedup,measured,x,%.1f,ratio,cluster_bringup/logs/weekend_campaign_inf03_A100_20260816_clean.csv,n_neurons=5000;topology=linear-chain,mode=CPU,mode=GPU,,t_per_step_s,,inf03-20260816,cluster_bringup/51_weekend_campaign.sh,a100,240,20,,
multicomp_step_a100_n5000_sd,tab:multicomp;fig:multicomp_speedup,measured,x,%.2f,ratio_sd,cluster_bringup/logs/weekend_campaign_inf03_A100_20260816_clean.csv,n_neurons=5000;topology=linear-chain,mode=CPU,mode=GPU,,t_per_step_s,,inf03-20260816,cluster_bringup/51_weekend_campaign.sh,a100,240,100,,
multicomp_e2e_a100_n5000,tab:multicomp;fig:multicomp_speedup,measured,x,%.2f,ratio,cluster_bringup/logs/multicomp_walltime_createmap_inf03_A100_clean.csv,n_neurons=5000,mode=cpu,mode=gpu,,wall_s,,inf03-20260816-clean,cluster_bringup/clean_multicomp_sweep.sh,a100,240,20,,
multicomp_e2e_a100_n5000_sd,tab:multicomp;fig:multicomp_speedup,measured,x,%.2f,ratio_sd,cluster_bringup/logs/multicomp_walltime_createmap_inf03_A100_clean.csv,n_neurons=5000,mode=cpu,mode=gpu,,wall_s,,inf03-20260816-clean,cluster_bringup/clean_multicomp_sweep.sh,a100,240,100,,
multicomp_step_a100_n7000,tab:multicomp;fig:multicomp_speedup,measured,x,%.1f,ratio,cluster_bringup/logs/weekend_campaign_inf03_A100_20260816_clean.csv,n_neurons=7000;topology=linear-chain,mode=CPU,mode=GPU,,t_per_step_s,,inf03-20260816,cluster_bringup/51_weekend_campaign.sh,a100,240,20,,
multicomp_step_a100_n7000_sd,tab:multicomp;fig:multicomp_speedup,measured,x,%.2f,ratio_sd,cluster_bringup/logs/weekend_campaign_inf03_A100_20260816_clean.csv,n_neurons=7000;topology=linear-chain,mode=CPU,mode=GPU,,t_per_step_s,,inf03-20260816,cluster_bringup/51_weekend_campaign.sh,a100,240,100,,
multicomp_e2e_a100_n7000,tab:multicomp;fig:multicomp_speedup,measured,x,%.2f,ratio,cluster_bringup/logs/multicomp_walltime_createmap_inf03_A100_clean.csv,n_neurons=7000,mode=cpu,mode=gpu,,wall_s,,inf03-20260816-clean,cluster_bringup/clean_multicomp_sweep.sh,a100,240,20,,
multicomp_e2e_a100_n7000_sd,tab:multicomp;fig:multicomp_speedup,measured,x,%.2f,ratio_sd,cluster_bringup/logs/multicomp_walltime_createmap_inf03_A100_clean.csv,n_neurons=7000,mode=cpu,mode=gpu,,wall_s,,inf03-20260816-clean,cluster_bringup/clean_multicomp_sweep.sh,a100,240,100,,
multicomp_step_a100_n10000,tab:multicomp;fig:multicomp_speedup,measured,x,%.1f,ratio,cluster_bringup/logs/weekend_campaign_inf03_A100_20260816_clean.csv,n_neurons=10000;topology=linear-chain,mode=CPU,mode=GPU,,t_per_step_s,,inf03-20260816,cluster_bringup/51_weekend_campaign.sh,a100,240,20,,
multicomp_step_a100_n10000_sd,tab:multicomp;fig:multicomp_speedup,measured,x,%.2f,ratio_sd,cluster_bringup/logs/weekend_campaign_inf03_A100_20260816_clean.csv,n_neurons=10000;topology=linear-chain,mode=CPU,mode=GPU,,t_per_step_s,,inf03-20260816,cluster_bringup/51_weekend_campaign.sh,a100,240,100,,
multicomp_e2e_a100_n10000,tab:multicomp;fig:multicomp_speedup,measured,x,%.2f,ratio,cluster_bringup/logs/multicomp_walltime_createmap_inf03_A100_clean.csv,n_neurons=10000,mode=cpu,mode=gpu,,wall_s,,inf03-20260816-clean,cluster_bringup/clean_multicomp_sweep.sh,a100,240,20,,
multicomp_e2e_a100_n10000_sd,tab:multicomp;fig:multicomp_speedup,measured,x,%.2f,ratio_sd,cluster_bringup/logs/multicomp_walltime_createmap_inf03_A100_clean.csv,n_neurons=10000,mode=cpu,mode=gpu,,wall_s,,inf03-20260816-clean,cluster_bringup/clean_multicomp_sweep.sh,a100,240,100,,
multicomp_step_a100_n15000,tab:multicomp;fig:multicomp_speedup,measured,x,%.1f,ratio,cluster_bringup/logs/weekend_campaign_inf03_A100_20260816_clean.csv,n_neurons=15000;topology=linear-chain,mode=CPU,mode=GPU,,t_per_step_s,,inf03-20260816,cluster_bringup/51_weekend_campaign.sh,a100,240,20,,
multicomp_step_a100_n15000_sd,tab:multicomp;fig:multicomp_speedup,measured,x,%.2f,ratio_sd,cluster_bringup/logs/weekend_campaign_inf03_A100_20260816_clean.csv,n_neurons=15000;topology=linear-chain,mode=CPU,mode=GPU,,t_per_step_s,,inf03-20260816,cluster_bringup/51_weekend_campaign.sh,a100,240,100,,
multicomp_e2e_a100_n15000,tab:multicomp;fig:multicomp_speedup,measured,x,%.2f,ratio,cluster_bringup/logs/multicomp_walltime_createmap_inf03_A100_clean.csv,n_neurons=15000,mode=cpu,mode=gpu,,wall_s,,inf03-20260816-clean,cluster_bringup/clean_multicomp_sweep.sh,a100,240,20,,
multicomp_e2e_a100_n15000_sd,tab:multicomp;fig:multicomp_speedup,measured,x,%.2f,ratio_sd,cluster_bringup/logs/multicomp_walltime_createmap_inf03_A100_clean.csv,n_neurons=15000,mode=cpu,mode=gpu,,wall_s,,inf03-20260816-clean,cluster_bringup/clean_multicomp_sweep.sh,a100,240,100,,
multicomp_step_a100_n20000,tab:multicomp;fig:multicomp_speedup,measured,x,%.1f,ratio,cluster_bringup/logs/weekend_campaign_inf03_A100_20260816_clean.csv,n_neurons=20000;topology=linear-chain,mode=CPU,mode=GPU,,t_per_step_s,,inf03-20260816,cluster_bringup/51_weekend_campaign.sh,a100,240,20,,
multicomp_step_a100_n20000_sd,tab:multicomp;fig:multicomp_speedup,measured,x,%.2f,ratio_sd,cluster_bringup/logs/weekend_campaign_inf03_A100_20260816_clean.csv,n_neurons=20000;topology=linear-chain,mode=CPU,mode=GPU,,t_per_step_s,,inf03-20260816,cluster_bringup/51_weekend_campaign.sh,a100,240,100,,
multicomp_e2e_a100_n20000,tab:multicomp;fig:multicomp_speedup,measured,x,%.2f,ratio,cluster_bringup/logs/multicomp_walltime_createmap_inf03_A100_clean.csv,n_neurons=20000,mode=cpu,mode=gpu,,wall_s,,inf03-20260816-clean,cluster_bringup/clean_multicomp_sweep.sh,a100,240,20,,
multicomp_e2e_a100_n20000_sd,tab:multicomp;fig:multicomp_speedup,measured,x,%.2f,ratio_sd,cluster_bringup/logs/multicomp_walltime_createmap_inf03_A100_clean.csv,n_neurons=20000,mode=cpu,mode=gpu,,wall_s,,inf03-20260816-clean,cluster_bringup/clean_multicomp_sweep.sh,a100,240,100,,
multicomp_step_a100_n30000,tab:multicomp;fig:multicomp_speedup,measured,x,%.1f,ratio,cluster_bringup/logs/weekend_campaign_inf03_A100_20260816_clean.csv,n_neurons=30000;topology=linear-chain,mode=CPU,mode=GPU,,t_per_step_s,,inf03-20260816,cluster_bringup/51_weekend_campaign.sh,a100,240,20,,
multicomp_step_a100_n30000_sd,tab:multicomp;fig:multicomp_speedup,measured,x,%.2f,ratio_sd,cluster_bringup/logs/weekend_campaign_inf03_A100_20260816_clean.csv,n_neurons=30000;topology=linear-chain,mode=CPU,mode=GPU,,t_per_step_s,,inf03-20260816,cluster_bringup/51_weekend_campaign.sh,a100,240,100,,
multicomp_e2e_a100_n30000,tab:multicomp;fig:multicomp_speedup,measured,x,%.2f,ratio,cluster_bringup/logs/multicomp_walltime_createmap_inf03_A100_clean.csv,n_neurons=30000,mode=cpu,mode=gpu,,wall_s,,inf03-20260816-clean,cluster_bringup/clean_multicomp_sweep.sh,a100,240,20,,
multicomp_e2e_a100_n30000_sd,tab:multicomp;fig:multicomp_speedup,measured,x,%.2f,ratio_sd,cluster_bringup/logs/multicomp_walltime_createmap_inf03_A100_clean.csv,n_neurons=30000,mode=cpu,mode=gpu,,wall_s,,inf03-20260816-clean,cluster_bringup/clean_multicomp_sweep.sh,a100,240,100,,
multicomp_step_a100_n40000,tab:multicomp;fig:multicomp_speedup,measured,x,%.1f,ratio,cluster_bringup/logs/weekend_campaign_inf03_A100_20260816_clean.csv,n_neurons=40000;topology=linear-chain,mode=CPU,mode=GPU,,t_per_step_s,,inf03-20260816,cluster_bringup/51_weekend_campaign.sh,a100,240,20,,
multicomp_step_a100_n40000_sd,tab:multicomp;fig:multicomp_speedup,measured,x,%.2f,ratio_sd,cluster_bringup/logs/weekend_campaign_inf03_A100_20260816_clean.csv,n_neurons=40000;topology=linear-chain,mode=CPU,mode=GPU,,t_per_step_s,,inf03-20260816,cluster_bringup/51_weekend_campaign.sh,a100,240,100,,
multicomp_e2e_a100_n40000,tab:multicomp;fig:multicomp_speedup,measured,x,%.2f,ratio,cluster_bringup/logs/multicomp_walltime_createmap_inf03_A100_clean.csv,n_neurons=40000,mode=cpu,mode=gpu,,wall_s,,inf03-20260816-clean,cluster_bringup/clean_multicomp_sweep.sh,a100,240,20,,
multicomp_e2e_a100_n40000_sd,tab:multicomp;fig:multicomp_speedup,measured,x,%.2f,ratio_sd,cluster_bringup/logs/multicomp_walltime_createmap_inf03_A100_clean.csv,n_neurons=40000,mode=cpu,mode=gpu,,wall_s,,inf03-20260816-clean,cluster_bringup/clean_multicomp_sweep.sh,a100,240,100,,
multicomp_step_a100_n50000,tab:multicomp;fig:multicomp_speedup,measured,x,%.1f,ratio,cluster_bringup/logs/weekend_campaign_inf03_A100_20260816_clean.csv,n_neurons=50000;topology=linear-chain,mode=CPU,mode=GPU,,t_per_step_s,,inf03-20260816,cluster_bringup/51_weekend_campaign.sh,a100,240,20,,
multicomp_step_a100_n50000_sd,tab:multicomp;fig:multicomp_speedup,measured,x,%.2f,ratio_sd,cluster_bringup/logs/weekend_campaign_inf03_A100_20260816_clean.csv,n_neurons=50000;topology=linear-chain,mode=CPU,mode=GPU,,t_per_step_s,,inf03-20260816,cluster_bringup/51_weekend_campaign.sh,a100,240,100,,
multicomp_e2e_a100_n50000,tab:multicomp;fig:multicomp_speedup,measured,x,%.2f,ratio,cluster_bringup/logs/multicomp_walltime_createmap_inf03_A100_clean.csv,n_neurons=50000,mode=cpu,mode=gpu,,wall_s,,inf03-20260816-clean,cluster_bringup/clean_multicomp_sweep.sh,a100,240,20,,
multicomp_e2e_a100_n50000_sd,tab:multicomp;fig:multicomp_speedup,measured,x,%.2f,ratio_sd,cluster_bringup/logs/multicomp_walltime_createmap_inf03_A100_clean.csv,n_neurons=50000,mode=cpu,mode=gpu,,wall_s,,inf03-20260816-clean,cluster_bringup/clean_multicomp_sweep.sh,a100,240,100,,
ksweep_cpu_k200,tab:mcksweep,measured,s,%.2f,mean,cluster_bringup/logs/multicomp_ksweep_inf02_A40_20260816.csv,n_steps=200;mode=cpu,,,,wall_s,,inf02-20260816,cluster_bringup/55_multicomp_ksweep.sh,a40,60,25,,
ksweep_gpu_k200,tab:mcksweep,measured,s,%.2f,mean,cluster_bringup/logs/multicomp_ksweep_inf02_A40_20260816.csv,n_steps=200;mode=gpu,,,,wall_s,,inf02-20260816,cluster_bringup/55_multicomp_ksweep.sh,a40,60,25,,
ksweep_e2e_k200,tab:mcksweep,measured,x,%.2f,ratio,cluster_bringup/logs/multicomp_ksweep_inf02_A40_20260816.csv,n_steps=200,mode=cpu,mode=gpu,,wall_s,,inf02-20260816,cluster_bringup/55_multicomp_ksweep.sh,a40,60,20,,
ksweep_e2e_k200_sd,tab:mcksweep,measured,x,%.2f,ratio_sd,cluster_bringup/logs/multicomp_ksweep_inf02_A40_20260816.csv,n_steps=200,mode=cpu,mode=gpu,,wall_s,,inf02-20260816,cluster_bringup/55_multicomp_ksweep.sh,a40,60,100,,
ksweep_cpu_k500,tab:mcksweep,measured,s,%.2f,mean,cluster_bringup/logs/multicomp_ksweep_inf02_A40_20260816.csv,n_steps=500;mode=cpu,,,,wall_s,,inf02-20260816,cluster_bringup/55_multicomp_ksweep.sh,a40,60,25,,
ksweep_gpu_k500,tab:mcksweep,measured,s,%.2f,mean,cluster_bringup/logs/multicomp_ksweep_inf02_A40_20260816.csv,n_steps=500;mode=gpu,,,,wall_s,,inf02-20260816,cluster_bringup/55_multicomp_ksweep.sh,a40,60,25,,
ksweep_e2e_k500,tab:mcksweep,measured,x,%.2f,ratio,cluster_bringup/logs/multicomp_ksweep_inf02_A40_20260816.csv,n_steps=500,mode=cpu,mode=gpu,,wall_s,,inf02-20260816,cluster_bringup/55_multicomp_ksweep.sh,a40,60,20,,
ksweep_e2e_k500_sd,tab:mcksweep,measured,x,%.2f,ratio_sd,cluster_bringup/logs/multicomp_ksweep_inf02_A40_20260816.csv,n_steps=500,mode=cpu,mode=gpu,,wall_s,,inf02-20260816,cluster_bringup/55_multicomp_ksweep.sh,a40,60,100,,
ksweep_cpu_k1000,tab:mcksweep,measured,s,%.2f,mean,cluster_bringup/logs/multicomp_ksweep_inf02_A40_20260816.csv,n_steps=1000;mode=cpu,,,,wall_s,,inf02-20260816,cluster_bringup/55_multicomp_ksweep.sh,a40,60,25,,
ksweep_gpu_k1000,tab:mcksweep,measured,s,%.2f,mean,cluster_bringup/logs/multicomp_ksweep_inf02_A40_20260816.csv,n_steps=1000;mode=gpu,,,,wall_s,,inf02-20260816,cluster_bringup/55_multicomp_ksweep.sh,a40,60,25,,
ksweep_e2e_k1000,tab:mcksweep,measured,x,%.2f,ratio,cluster_bringup/logs/multicomp_ksweep_inf02_A40_20260816.csv,n_steps=1000,mode=cpu,mode=gpu,,wall_s,,inf02-20260816,cluster_bringup/55_multicomp_ksweep.sh,a40,60,20,,
ksweep_e2e_k1000_sd,tab:mcksweep,measured,x,%.2f,ratio_sd,cluster_bringup/logs/multicomp_ksweep_inf02_A40_20260816.csv,n_steps=1000,mode=cpu,mode=gpu,,wall_s,,inf02-20260816,cluster_bringup/55_multicomp_ksweep.sh,a40,60,100,,
ksweep_cpu_k2000,tab:mcksweep,measured,s,%.2f,mean,cluster_bringup/logs/multicomp_ksweep_inf02_A40_20260816.csv,n_steps=2000;mode=cpu,,,,wall_s,,inf02-20260816,cluster_bringup/55_multicomp_ksweep.sh,a40,60,25,,
ksweep_gpu_k2000,tab:mcksweep,measured,s,%.2f,mean,cluster_bringup/logs/multicomp_ksweep_inf02_A40_20260816.csv,n_steps=2000;mode=gpu,,,,wall_s,,inf02-20260816,cluster_bringup/55_multicomp_ksweep.sh,a40,60,25,,
ksweep_e2e_k2000,tab:mcksweep,measured,x,%.2f,ratio,cluster_bringup/logs/multicomp_ksweep_inf02_A40_20260816.csv,n_steps=2000,mode=cpu,mode=gpu,,wall_s,,inf02-20260816,cluster_bringup/55_multicomp_ksweep.sh,a40,60,20,,
ksweep_e2e_k2000_sd,tab:mcksweep,measured,x,%.2f,ratio_sd,cluster_bringup/logs/multicomp_ksweep_inf02_A40_20260816.csv,n_steps=2000,mode=cpu,mode=gpu,,wall_s,,inf02-20260816,cluster_bringup/55_multicomp_ksweep.sh,a40,60,100,,
ksweep_cpu_k5000,tab:mcksweep,measured,s,%.2f,mean,cluster_bringup/logs/multicomp_ksweep_inf02_A40_20260816.csv,n_steps=5000;mode=cpu,,,,wall_s,,inf02-20260816,cluster_bringup/55_multicomp_ksweep.sh,a40,60,25,,
ksweep_gpu_k5000,tab:mcksweep,measured,s,%.2f,mean,cluster_bringup/logs/multicomp_ksweep_inf02_A40_20260816.csv,n_steps=5000;mode=gpu,,,,wall_s,,inf02-20260816,cluster_bringup/55_multicomp_ksweep.sh,a40,60,25,,
ksweep_e2e_k5000,tab:mcksweep,measured,x,%.2f,ratio,cluster_bringup/logs/multicomp_ksweep_inf02_A40_20260816.csv,n_steps=5000,mode=cpu,mode=gpu,,wall_s,,inf02-20260816,cluster_bringup/55_multicomp_ksweep.sh,a40,60,20,,
ksweep_e2e_k5000_sd,tab:mcksweep,measured,x,%.2f,ratio_sd,cluster_bringup/logs/multicomp_ksweep_inf02_A40_20260816.csv,n_steps=5000,mode=cpu,mode=gpu,,wall_s,,inf02-20260816,cluster_bringup/55_multicomp_ksweep.sh,a40,60,100,,
ksweep_e2e_k5000_recheck,tab:mcksweep,measured,x,%.1f,ratio,cluster_bringup/logs/multicomp_ksweep_inf02_20260818_234114.csv,n_steps=5000,mode=cpu,mode=gpu,,wall_s,,inf02-20260818,cluster_bringup/verify_k5000.sh,a40,30,20,,re-measured after the vmcross corrections; the manuscript quoted this (55.4) beside the 57.0 above -- reviewer point 8
ksweep_e2e_k5000_recheck_sd,tab:mcksweep,measured,x,%.1f,ratio_sd,cluster_bringup/logs/multicomp_ksweep_inf02_20260818_234114.csv,n_steps=5000,mode=cpu,mode=gpu,,wall_s,,inf02-20260818,cluster_bringup/verify_k5000.sh,a40,30,100,,
ksweep_fixed_cpu,sec:3,measured,s,%.1f,intercept,cluster_bringup/logs/multicomp_ksweep_inf02_A40_20260816.csv,,mode=cpu,,n_steps,wall_s,,inf02-20260816,cluster_bringup/55_multicomp_ksweep.sh,a40,60,25,,
ksweep_perstep_cpu,sec:3,measured,s,%.2e,slope,cluster_bringup/logs/multicomp_ksweep_inf02_A40_20260816.csv,,mode=cpu,,n_steps,wall_s,,inf02-20260816,cluster_bringup/55_multicomp_ksweep.sh,a40,60,25,,
ksweep_fixed_gpu,sec:3,measured,s,%.1f,intercept,cluster_bringup/logs/multicomp_ksweep_inf02_A40_20260816.csv,,mode=gpu,,n_steps,wall_s,,inf02-20260816,cluster_bringup/55_multicomp_ksweep.sh,a40,60,25,,
ksweep_perstep_gpu,sec:3,measured,s,%.2e,slope,cluster_bringup/logs/multicomp_ksweep_inf02_A40_20260816.csv,,mode=gpu,,n_steps,wall_s,,inf02-20260816,cluster_bringup/55_multicomp_ksweep.sh,a40,60,25,,
ksweep_perstep_ratio,sec:3,derived,x,%.0f,ksweep_perstep_cpu / ksweep_perstep_gpu,,,,,,,ksweep_perstep_cpu;ksweep_perstep_gpu,,,a40,,25,,
construction_exponent_before,sec:3;fig:construction_scaling,measured,exponent,%.2f,loglog_slope,experiments/data/construction_scaling_before_after.csv,,variant=before,,ncompts,total_wallclock_s,,construction-2026-08,paper/scripts/plot_construction_scaling.py,none,30,10,,
construction_exponent_after,sec:3;fig:construction_scaling,measured,exponent,%.2f,loglog_slope,experiments/data/construction_scaling_before_after.csv,,variant=after,,ncompts,total_wallclock_s,,construction-2026-08,paper/scripts/plot_construction_scaling.py,none,30,10,,
construction_527k_s,sec:3,measured,s,%.1f,mean,experiments/data/construction_scaling_before_after.csv,variant=after;n_neurons=31000,,,,total_wallclock_s,,construction-2026-08,paper/scripts/plot_construction_scaling.py,none,30,25,,
construction_527k_s_sd,sec:3,measured,s,%.1f,sd,experiments/data/construction_scaling_before_after.csv,variant=after;n_neurons=31000,,,,total_wallclock_s,,construction-2026-08,paper/scripts/plot_construction_scaling.py,none,30,100,,
construction_1700k_s,sec:3,measured,s,%.1f,mean,experiments/data/construction_scaling_before_after.csv,variant=after;n_neurons=100000,,,,total_wallclock_s,,construction-2026-08,paper/scripts/plot_construction_scaling.py,none,30,25,,
construction_1700k_s_sd,sec:3,measured,s,%.1f,sd,experiments/data/construction_scaling_before_after.csv,variant=after;n_neurons=100000,,,,total_wallclock_s,,construction-2026-08,paper/scripts/plot_construction_scaling.py,none,30,100,,
pgenesis_t1,sec:3,measured,s,%.2f,mean,paper/data/genesis25_pgenesis_mpi_scaling.csv,P=1,,,,wall_s,,pgenesis-mpi,paper/scripts/run_pgenesis_mpi_scaling.sh,cluster-mpi,60,25,,
pgenesis_t2,sec:3,measured,s,%.2f,mean,paper/data/genesis25_pgenesis_mpi_scaling.csv,P=2,,,,wall_s,,pgenesis-mpi,paper/scripts/run_pgenesis_mpi_scaling.sh,cluster-mpi,60,25,,
pgenesis_t4,sec:3,measured,s,%.2f,mean,paper/data/genesis25_pgenesis_mpi_scaling.csv,P=4,,,,wall_s,,pgenesis-mpi,paper/scripts/run_pgenesis_mpi_scaling.sh,cluster-mpi,60,25,,
pgenesis_t8,sec:3,measured,s,%.2f,mean,paper/data/genesis25_pgenesis_mpi_scaling.csv,P=8,,,,wall_s,,pgenesis-mpi,paper/scripts/run_pgenesis_mpi_scaling.sh,cluster-mpi,60,25,,
pgenesis_eff_p2,sec:3,derived,x,%.2f,pgenesis_t1 / (2 * pgenesis_t2),,,,,,,pgenesis_t1;pgenesis_t2,,,cluster-mpi,,10,,
pgenesis_speedup_p4,sec:3,derived,x,%.1f,pgenesis_t1 / pgenesis_t4,,,,,,,pgenesis_t1;pgenesis_t4,,,cluster-mpi,,20,,
pgenesis_speedup_p8,sec:3,derived,x,%.1f,pgenesis_t1 / pgenesis_t8,,,,,,,pgenesis_t1;pgenesis_t8,,,cluster-mpi,,20,,
vanet2_genesis_published_s,tab:coreneuron,prose,s,%.1f,,,,,,,,,,,none,,25,46.9,wall times not saved; README only; superseded by feature 004 E1
vanet2_genesis_published_s_sd,tab:coreneuron,prose,s,%.1f,,,,,,,,,,,none,,25,2.1,as above; superseded by feature 004 E1
vanet2_genesis_1solver_s,tab:coreneuron,prose,s,%.1f,,,,,,,,,,,none,,25,33.2,wall times not saved; superseded by feature 004 E1
vanet2_genesis_1solver_s_sd,tab:coreneuron,prose,s,%.1f,,,,,,,,,,,none,,25,0.7,as above; superseded by feature 004 E1
vanet2_coreneuron_cpu_s,tab:coreneuron,prose,s,%.1f,,,,,,,,,,,none,,25,76.5,per-run logs rep_core_*.log on the cluster hold internal RunTime only; superseded by feature 004 E1
vanet2_neuron_cpu_s,tab:coreneuron,prose,s,%.1f,,,,,,,,,,,none,,25,95.8,per-run logs rep_plain_*.log hold internal RunTime only; superseded by feature 004 E1
vanet2_neuron_channelbuilder_s,tab:coreneuron,prose,s,%.1f,,,,,,,,,,,none,,25,123.3,"single run, not saved; superseded by feature 004 E1"
vanet2_arbor_a100_s,tab:coreneuron,prose,s,%.1f,,,,,,,,,,,arbor-gpu,,25,149.4,not saved; arb_gpu.log on the cluster is a different run; superseded by feature 004 E1
vanet2_coreneuron_a100_s,tab:coreneuron,prose,s,%.1f,,,,,,,,,,,coreneuron-gpu,,25,27.0,"solver times in logs/cn_gpu_r{1,2,3}.log, wall times in README only; superseded by feature 004 E1"
vanet2_cpu_1solver_s,tab:coreneuron,measured,s,%.1f,mean,cluster_bringup/logs/spiking_accel/spiking_arms_inf03_20260820.csv,arm=cpu_1solver,,,,wall_s,,inf03-20260820,cluster_bringup/coreneuron/genesis_same_node.sh,a100,10,25,,
vanet2_gpu_1solver_s,tab:coreneuron,measured,s,%.1f,mean,cluster_bringup/logs/spiking_accel/spiking_arms_inf03_20260820.csv,arm=gpu_1solver,,,,wall_s,,inf03-20260820,cluster_bringup/coreneuron/genesis_same_node.sh,a100,10,25,,
vanet2_cpu_published_20aug_s,tab:coreneuron,measured,s,%.1f,mean,cluster_bringup/logs/spiking_accel/spiking_arms_inf03_20260820.csv,arm=cpu_published,,,,wall_s,,inf03-20260820,cluster_bringup/coreneuron/genesis_same_node.sh,a100,10,25,,
vanet2_gpu_over_cpu,tab:coreneuron;sec:5,derived,x,%.2f,vanet2_gpu_1solver_s / vanet2_cpu_1solver_s,,,,,,,vanet2_gpu_1solver_s;vanet2_cpu_1solver_s,,,a100,,25,,
vanet2_vs_coreneuron_cpu,abstract;sec:3;sec:5,derived,x,%.2f,vanet2_coreneuron_cpu_s / vanet2_genesis_1solver_s,,,,,,,vanet2_coreneuron_cpu_s;vanet2_genesis_1solver_s,,,none,,25,,inputs are prose until feature 004 E1
vanet2_vs_neuron_cpu,abstract;sec:3;sec:5,derived,x,%.2f,vanet2_neuron_cpu_s / vanet2_genesis_1solver_s,,,,,,,vanet2_neuron_cpu_s;vanet2_genesis_1solver_s,,,none,,25,,inputs are prose until feature 004 E1
vanet2_coreneuron_over_neuron,abstract;sec:3;sec:5,derived,x,%.2f,vanet2_neuron_cpu_s / vanet2_coreneuron_cpu_s,,,,,,,vanet2_neuron_cpu_s;vanet2_coreneuron_cpu_s,,,none,,25,,inputs are prose until feature 004 E1
vanet2_coreneuron_gpu_ahead,abstract;sec:3;sec:5,derived,x,%.2f,vanet2_genesis_1solver_s / vanet2_coreneuron_a100_s,,,,,,,vanet2_genesis_1solver_s;vanet2_coreneuron_a100_s,,,none,,25,,inputs are prose until feature 004 E1
vanet2_coreneuron_gpu_over_own_cpu,abstract;sec:3;sec:5,derived,x,%.2f,vanet2_coreneuron_cpu_s / vanet2_coreneuron_a100_s,,,,,,,vanet2_coreneuron_cpu_s;vanet2_coreneuron_a100_s,,,none,,25,,inputs are prose until feature 004 E1
vanet2_1solver_speedup,abstract;sec:3;sec:5,derived,x,%.2f,vanet2_genesis_published_s / vanet2_genesis_1solver_s,,,,,,,vanet2_genesis_published_s;vanet2_genesis_1solver_s,,,none,,25,,inputs are prose until feature 004 E1
vanet2_spikes_coreneuron_a100,tab:coreneuron,measured,spikes,",",regex,cluster_bringup/logs/cn_gpu_r1.log,Number of spikes: (\d+),,,,,,inf03-20260818,cluster_bringup/coreneuron/coreneuron_gpu_standalone.sh,coreneuron-gpu,10,10,,
vanet2_spikes_genesis_cpu,tab:coreneuron,measured,spikes,",",regex,cluster_bringup/logs/spiking_accel/spike_agreement_20260820.txt,"inf03\s+A100\s+CPU\s+([0-9,]+)",,,,,,inf03-20260820,cluster_bringup/coreneuron/spike_compare.sh,a100,30,5,,
vanet2_spikes_genesis_gpu,tab:coreneuron,measured,spikes,",",regex,cluster_bringup/logs/spiking_accel/spike_agreement_20260820.txt,"inf03\s+A100\s+GPU\s+([0-9,]+)",,,,,,inf03-20260820,cluster_bringup/coreneuron/spike_compare.sh,a100,30,5,,
vanet2_spike_agreement_pct,sec:5,derived,pct,%.1f,100 * abs(vanet2_spikes_genesis_gpu - vanet2_spikes_genesis_cpu) / vanet2_spikes_genesis_cpu,,,,,,,vanet2_spikes_genesis_gpu;vanet2_spikes_genesis_cpu,,,a100,,200,,"was 0.35 in expected.csv, a figure from before the dispatch fix (2026-08-19); spike_agreement_20260820.txt supersedes it"
mccross_arbor_cpu_k5000,tab:mccross,measured,s,%.2f,mean,cluster_bringup/logs/cross_simulator_multicomp_inf03_20260817.csv,simulator=Arbor 0.10.0;backend=CPU-128t;n_steps=5000,,,,wall_s,,inf03-20260817,cluster_bringup/coreneuron/bench_multicomp_cross.sh,arbor-gpu,15,25,,
mccross_arbor_cpu_k5000_sd,tab:mccross,measured,s,%.2f,sd,cluster_bringup/logs/cross_simulator_multicomp_inf03_20260817.csv,simulator=Arbor 0.10.0;backend=CPU-128t;n_steps=5000,,,,wall_s,,inf03-20260817,cluster_bringup/coreneuron/bench_multicomp_cross.sh,arbor-gpu,15,100,,
mccross_coreneuron_cpu_k5000,tab:mccross,measured,s,%.2f,mean,cluster_bringup/logs/cross_simulator_multicomp_inf03_20260817.csv,simulator=CoreNEURON 9.0.2;backend=CPU;n_steps=5000,,,,wall_s,,inf03-20260817,cluster_bringup/coreneuron/bench_multicomp_cross.sh,none,15,25,,
mccross_coreneuron_cpu_k5000_sd,tab:mccross,measured,s,%.2f,sd,cluster_bringup/logs/cross_simulator_multicomp_inf03_20260817.csv,simulator=CoreNEURON 9.0.2;backend=CPU;n_steps=5000,,,,wall_s,,inf03-20260817,cluster_bringup/coreneuron/bench_multicomp_cross.sh,none,15,100,,
mccross_neuron_cpu_k5000,tab:mccross,measured,s,%.2f,mean,cluster_bringup/logs/cross_simulator_multicomp_inf03_20260817.csv,simulator=NEURON 9.0.2;backend=CPU;n_steps=5000,,,,wall_s,,inf03-20260817,cluster_bringup/coreneuron/bench_multicomp_cross.sh,none,15,25,,
mccross_neuron_cpu_k5000_sd,tab:mccross,measured,s,%.2f,sd,cluster_bringup/logs/cross_simulator_multicomp_inf03_20260817.csv,simulator=NEURON 9.0.2;backend=CPU;n_steps=5000,,,,wall_s,,inf03-20260817,cluster_bringup/coreneuron/bench_multicomp_cross.sh,none,15,100,,
mccross_genesis_cpu_k5000,tab:mccross,measured,s,%.2f,mean,cluster_bringup/logs/cross_simulator_multicomp_inf03_20260817.csv,simulator=GENESIS 2.5;backend=CPU;n_steps=5000,,,,wall_s,,inf03-20260817,cluster_bringup/coreneuron/bench_multicomp_cross.sh,none,15,25,,
mccross_genesis_cpu_k5000_sd,tab:mccross,measured,s,%.2f,sd,cluster_bringup/logs/cross_simulator_multicomp_inf03_20260817.csv,simulator=GENESIS 2.5;backend=CPU;n_steps=5000,,,,wall_s,,inf03-20260817,cluster_bringup/coreneuron/bench_multicomp_cross.sh,none,15,100,,
mccross_genesis_over_coreneuron_cpu,sec:3,derived,x,%.2f,mccross_genesis_cpu_k5000 / mccross_coreneuron_cpu_k5000,,,,,,,mccross_genesis_cpu_k5000;mccross_coreneuron_cpu_k5000,,,none,,25,,
crossover_genesis_a100_k5000,tab:mccross;fig:crossover,measured,s,%.2f,mean,cluster_bringup/logs/crossover_inf03_20260818_232057.csv,simulator=GENESIS 2.5;n_steps=5000,,,,wall_s,,inf03-20260818,cluster_bringup/coreneuron/crossover_sweep.sh,arbor-gpu,30,25,,
crossover_genesis_a100_k5000_sd,tab:mccross,measured,s,%.2f,sd,cluster_bringup/logs/crossover_inf03_20260818_232057.csv,simulator=GENESIS 2.5;n_steps=5000,,,,wall_s,,inf03-20260818,cluster_bringup/coreneuron/crossover_sweep.sh,arbor-gpu,30,100,,
crossover_genesis_a100_k50000,tab:mccross;fig:crossover,measured,s,%.2f,mean,cluster_bringup/logs/crossover_inf03_20260818_232057.csv,simulator=GENESIS 2.5;n_steps=50000,,,,wall_s,,inf03-20260818,cluster_bringup/coreneuron/crossover_sweep.sh,arbor-gpu,30,25,,
crossover_genesis_a100_k50000_sd,tab:mccross,measured,s,%.2f,sd,cluster_bringup/logs/crossover_inf03_20260818_232057.csv,simulator=GENESIS 2.5;n_steps=50000,,,,wall_s,,inf03-20260818,cluster_bringup/coreneuron/crossover_sweep.sh,arbor-gpu,30,100,,
crossover_fixed_genesis_a100,sec:3,measured,s,%.2f,intercept,cluster_bringup/logs/crossover_inf03_20260818_232057.csv,,simulator=GENESIS 2.5,,n_steps,wall_s,,inf03-20260818,cluster_bringup/coreneuron/crossover_sweep.sh,arbor-gpu,30,25,,
crossover_perstep_genesis_a100,sec:3,measured,s,%.3e,slope,cluster_bringup/logs/crossover_inf03_20260818_232057.csv,,simulator=GENESIS 2.5,,n_steps,wall_s,,inf03-20260818,cluster_bringup/coreneuron/crossover_sweep.sh,arbor-gpu,30,25,,
crossover_arbor_a100_k5000,tab:mccross;fig:crossover,measured,s,%.2f,mean,cluster_bringup/logs/crossover_inf03_20260818_232057.csv,simulator=Arbor 0.10.0;n_steps=5000,,,,wall_s,,inf03-20260818,cluster_bringup/coreneuron/crossover_sweep.sh,arbor-gpu,30,25,,
crossover_arbor_a100_k5000_sd,tab:mccross,measured,s,%.2f,sd,cluster_bringup/logs/crossover_inf03_20260818_232057.csv,simulator=Arbor 0.10.0;n_steps=5000,,,,wall_s,,inf03-20260818,cluster_bringup/coreneuron/crossover_sweep.sh,arbor-gpu,30,100,,
crossover_arbor_a100_k50000,tab:mccross;fig:crossover,measured,s,%.2f,mean,cluster_bringup/logs/crossover_inf03_20260818_232057.csv,simulator=Arbor 0.10.0;n_steps=50000,,,,wall_s,,inf03-20260818,cluster_bringup/coreneuron/crossover_sweep.sh,arbor-gpu,30,25,,
crossover_arbor_a100_k50000_sd,tab:mccross,measured,s,%.2f,sd,cluster_bringup/logs/crossover_inf03_20260818_232057.csv,simulator=Arbor 0.10.0;n_steps=50000,,,,wall_s,,inf03-20260818,cluster_bringup/coreneuron/crossover_sweep.sh,arbor-gpu,30,100,,
crossover_fixed_arbor_a100,sec:3,measured,s,%.2f,intercept,cluster_bringup/logs/crossover_inf03_20260818_232057.csv,,simulator=Arbor 0.10.0,,n_steps,wall_s,,inf03-20260818,cluster_bringup/coreneuron/crossover_sweep.sh,arbor-gpu,30,25,,
crossover_perstep_arbor_a100,sec:3,measured,s,%.3e,slope,cluster_bringup/logs/crossover_inf03_20260818_232057.csv,,simulator=Arbor 0.10.0,,n_steps,wall_s,,inf03-20260818,cluster_bringup/coreneuron/crossover_sweep.sh,arbor-gpu,30,25,,
crossover_k_a100,abstract;sec:3;fig:crossover,measured,steps,%.0f,crossover,cluster_bringup/logs/crossover_inf03_20260818_232057.csv,,simulator=GENESIS 2.5,simulator=Arbor 0.10.0,n_steps,wall_s,,inf03-20260818,cluster_bringup/coreneuron/crossover_sweep.sh,arbor-gpu,30,35,,
crossover_ms_a100,abstract;sec:6,derived,ms,%.0f,crossover_k_a100 * 0.01,,,,,,,crossover_k_a100,,,arbor-gpu,,35,,dt = 0.01 ms
crossover_marginal_lower_pct_a100,sec:3,derived,pct,%.0f,100 * (1 - crossover_perstep_genesis_a100 / crossover_perstep_arbor_a100),,,,,,,crossover_perstep_genesis_a100;crossover_perstep_arbor_a100,,,arbor-gpu,,35,,
crossover_arbor_ahead_s_a100,sec:3,derived,s,%.2f,crossover_fixed_genesis_a100 - crossover_fixed_arbor_a100,,,,,,,crossover_fixed_genesis_a100;crossover_fixed_arbor_a100,,,arbor-gpu,,50,,
crossover_genesis_a40_k5000,tab:mccross;fig:crossover,measured,s,%.2f,mean,cluster_bringup/logs/crossover_inf02_20260820_131248.csv,simulator=GENESIS 2.5;n_steps=5000,,,,wall_s,,inf02-20260820,cluster_bringup/coreneuron/crossover_sweep.sh,arbor-gpu,30,25,,
crossover_genesis_a40_k5000_sd,tab:mccross,measured,s,%.2f,sd,cluster_bringup/logs/crossover_inf02_20260820_131248.csv,simulator=GENESIS 2.5;n_steps=5000,,,,wall_s,,inf02-20260820,cluster_bringup/coreneuron/crossover_sweep.sh,arbor-gpu,30,100,,
crossover_genesis_a40_k50000,tab:mccross;fig:crossover,measured,s,%.2f,mean,cluster_bringup/logs/crossover_inf02_20260820_131248.csv,simulator=GENESIS 2.5;n_steps=50000,,,,wall_s,,inf02-20260820,cluster_bringup/coreneuron/crossover_sweep.sh,arbor-gpu,30,25,,
crossover_genesis_a40_k50000_sd,tab:mccross,measured,s,%.2f,sd,cluster_bringup/logs/crossover_inf02_20260820_131248.csv,simulator=GENESIS 2.5;n_steps=50000,,,,wall_s,,inf02-20260820,cluster_bringup/coreneuron/crossover_sweep.sh,arbor-gpu,30,100,,
crossover_fixed_genesis_a40,sec:3,measured,s,%.2f,intercept,cluster_bringup/logs/crossover_inf02_20260820_131248.csv,,simulator=GENESIS 2.5,,n_steps,wall_s,,inf02-20260820,cluster_bringup/coreneuron/crossover_sweep.sh,arbor-gpu,30,25,,
crossover_perstep_genesis_a40,sec:3,measured,s,%.3e,slope,cluster_bringup/logs/crossover_inf02_20260820_131248.csv,,simulator=GENESIS 2.5,,n_steps,wall_s,,inf02-20260820,cluster_bringup/coreneuron/crossover_sweep.sh,arbor-gpu,30,25,,
crossover_arbor_a40_k5000,tab:mccross;fig:crossover,measured,s,%.2f,mean,cluster_bringup/logs/crossover_inf02_20260820_131248.csv,simulator=Arbor 0.10.0;n_steps=5000,,,,wall_s,,inf02-20260820,cluster_bringup/coreneuron/crossover_sweep.sh,arbor-gpu,30,25,,
crossover_arbor_a40_k5000_sd,tab:mccross,measured,s,%.2f,sd,cluster_bringup/logs/crossover_inf02_20260820_131248.csv,simulator=Arbor 0.10.0;n_steps=5000,,,,wall_s,,inf02-20260820,cluster_bringup/coreneuron/crossover_sweep.sh,arbor-gpu,30,100,,
crossover_arbor_a40_k50000,tab:mccross;fig:crossover,measured,s,%.2f,mean,cluster_bringup/logs/crossover_inf02_20260820_131248.csv,simulator=Arbor 0.10.0;n_steps=50000,,,,wall_s,,inf02-20260820,cluster_bringup/coreneuron/crossover_sweep.sh,arbor-gpu,30,25,,
crossover_arbor_a40_k50000_sd,tab:mccross,measured,s,%.2f,sd,cluster_bringup/logs/crossover_inf02_20260820_131248.csv,simulator=Arbor 0.10.0;n_steps=50000,,,,wall_s,,inf02-20260820,cluster_bringup/coreneuron/crossover_sweep.sh,arbor-gpu,30,100,,
crossover_fixed_arbor_a40,sec:3,measured,s,%.2f,intercept,cluster_bringup/logs/crossover_inf02_20260820_131248.csv,,simulator=Arbor 0.10.0,,n_steps,wall_s,,inf02-20260820,cluster_bringup/coreneuron/crossover_sweep.sh,arbor-gpu,30,25,,
crossover_perstep_arbor_a40,sec:3,measured,s,%.3e,slope,cluster_bringup/logs/crossover_inf02_20260820_131248.csv,,simulator=Arbor 0.10.0,,n_steps,wall_s,,inf02-20260820,cluster_bringup/coreneuron/crossover_sweep.sh,arbor-gpu,30,25,,
crossover_k_a40,abstract;sec:3;fig:crossover,measured,steps,%.0f,crossover,cluster_bringup/logs/crossover_inf02_20260820_131248.csv,,simulator=GENESIS 2.5,simulator=Arbor 0.10.0,n_steps,wall_s,,inf02-20260820,cluster_bringup/coreneuron/crossover_sweep.sh,arbor-gpu,30,35,,
crossover_ms_a40,abstract;sec:6,derived,ms,%.0f,crossover_k_a40 * 0.01,,,,,,,crossover_k_a40,,,arbor-gpu,,35,,dt = 0.01 ms
crossover_marginal_lower_pct_a40,sec:3,derived,pct,%.0f,100 * (1 - crossover_perstep_genesis_a40 / crossover_perstep_arbor_a40),,,,,,,crossover_perstep_genesis_a40;crossover_perstep_arbor_a40,,,arbor-gpu,,35,,
crossover_arbor_ahead_s_a40,sec:3,derived,s,%.2f,crossover_fixed_genesis_a40 - crossover_fixed_arbor_a40,,,,,,,crossover_fixed_genesis_a40;crossover_fixed_arbor_a40,,,arbor-gpu,,50,,
rate_insensitivity_genesis_gpu,sec:3,measured,x,%.3f,ratio,cluster_bringup/logs/rate_vs_walltime_inf03_20260818_230958.csv,simulator=GENESIS 2.5;backend=GPU,driven=1,driven=0,,wall_s,,inf03-20260818,cluster_bringup/coreneuron/rate_vs_walltime.sh,arbor-gpu,20,5,,
rate_insensitivity_arbor_gpu,sec:3,measured,x,%.3f,ratio,cluster_bringup/logs/rate_vs_walltime_inf03_20260818_230958.csv,simulator=Arbor 0.10.0;backend=GPU,driven=1,driven=0,,wall_s,,inf03-20260818,cluster_bringup/coreneuron/rate_vs_walltime.sh,arbor-gpu,20,5,,
vm_ap_peak_neuron_arbor_mv,sec:3;fig:vmequiv,prose,mV,%.2f,,,,,,,,,,,none,,25,0.02,computed by paper/scripts/compare_vm_traces.py from logs/vmcross/; extractor still to write; superseded by feature 004 E1
vm_ap_peak_genesis_lower_mv,sec:3;fig:vmequiv,prose,mV,%.1f,,,,,,,,,,,none,,25,4.6,as above; superseded by feature 004 E1
spiking_accelerable_fraction_pct,sec:5,prose,pct,%.0f,,,,,,,,,,,none,,25,59,spiking_accel/*.txt; extractor still to write; superseded by feature 004 E1
fp32_single_ap_v,sec:3,prose,V,%.0e,,,,,,,,,,,none,,25,2e-7,hh1952_ap_verify.g; extractor still to write; superseded by feature 004 E1
single_morphology_slower_x,sec:3;sec:5,prose,x,%.0f,,,,,,,,,,,none,,25,20,"NCOMP 2000 and 8000, N=1; data file not located; superseded by feature 004 E1"
multicomp_build_n50000_s,sec:3,prose,s,%.1f,,,,,,,,,,,none,,25,23.8,construction time at N=50000 in the createmap sweep; column not located; superseded by feature 004 E1
ksweep_step_k5000,sec:3,prose,x,%.1f,,,,,,,,,,,none,,25,116.2,step-phase at K=5000; data file not located; superseded by feature 004 E1
ocl_trails_cuda_pct_a40,sec:3,derived,pct,%.0f,100 * (1 - singlecomp_ocl_a40_n50000 / singlecomp_cuda_a40_n50000),,,,,,,singlecomp_ocl_a40_n50000;singlecomp_cuda_a40_n50000,,,a40,,50,,cross-session-ok: OpenCL (2026-08-18) and CUDA (2026-08-15) arms were measured in different sessions on the same node; feature 004 measures them together
ocl_trails_cuda_pct_a100,sec:3,derived,pct,%.0f,100 * (1 - singlecomp_ocl_a100_n50000 / singlecomp_cuda_a100_n50000),,,,,,,singlecomp_ocl_a100_n50000;singlecomp_cuda_a100_n50000,,,a100,,50,,cross-session-ok: OpenCL (2026-08-18) and CUDA (2026-08-15) arms were measured in different sessions on the same node; feature 004 measures them together
multicomp_gpu_phase_a40_s,sec:3,prose,s,%.2f,,,,,,,,,,,a40,,25,7.83,GPU phase time at N=50000; data file not located; superseded by feature 004
multicomp_gpu_phase_a100_s,sec:3,prose,s,%.2f,,,,,,,,,,,a100,,25,8.06,as above; superseded by feature 004
crossover_setup_overhead_s,sec:3,prose,s,%.2f,,,,,,,,,,,a100,,25,0.21,step phase minus kernel time from the device profile; profile output not kept; superseded by feature 004
vanet2_rate_hz,sec:3,prose,Hz,%.0f,,,,,,,,,,,none,,25,27,firing-rate regime; per-arm rates not kept; superseded by feature 004
vanet2_rate_min_hz,tab:coreneuron,prose,Hz,%.1f,,,,,,,,,,,none,,25,26.8,as above; superseded by feature 004
vanet2_rate_max_hz,tab:coreneuron,prose,Hz,%.1f,,,,,,,,,,,none,,25,30.1,as above; superseded by feature 004
vanet2_spikes_genesis_published,tab:coreneuron,prose,spikes,",",,,,,,,,,,,none,,25,536600,"spike count of the published build, not kept; superseded by feature 004"
vanet2_spikes_coreneuron_cpu,tab:coreneuron,prose,spikes,",",,,,,,,,,,,none,,25,558824,in provenance_2026-08/rep_core_*.log; extractor still to write; superseded by feature 004
vanet2_spikes_neuron_channelbuilder,tab:coreneuron,prose,spikes,",",,,,,,,,,,,none,,25,574138,"single run, not kept; superseded by feature 004"
vanet2_spikes_arbor_a100,tab:coreneuron,prose,spikes,",",,,,,,,,,,,arbor-gpu,,25,602720,not kept; superseded by feature 004
vanet2_level_at_12500_ratio,sec:5,prose,x,%.2f,,,,,,,,,,,a40+a100,,25,1.0,spiking_accel/replicates_12500_*.txt; extractor still to write; superseded by feature 004
spiking_speedup_ceiling,sec:5,derived,x,%.1f,1 / (1 - spiking_accelerable_fraction_pct / 100),,,,,,,spiking_accelerable_fraction_pct,,,none,,25,,Amdahl ceiling
harness_fix_walltime_change_pct,sec:3,prose,pct,%.1f,,,,,,,,,,,arbor-gpu,,25,1.3,largest wall-time change after the vmcross harness corrections; before/after table not kept; superseded by feature 004
igpu_tree_limit_compartments,sec:3,prose,compartments,",",,,,,,,,,,,amd-890m,,25,22000,driver reset threshold on the Radeon 890M; measured by hand; superseded by feature 004
cpu_ap_vm,sec:3,measured,V,%.5f,regex,cluster_bringup/accel_regression_golden.txt,ap_cpu\|RESULT_VM= (-?[0-9.]+),,,,,,inf02-20260819,reproduce/stages/05_cpu.sh,none,1,0.01,,membrane potential of the action-potential check on the CPU; reproduces to the digit on any machine with the same build
