id,value,units,kind
singlecomp_cuda_a40_n500,1.549300732,x,measured
singlecomp_cuda_a40_n500_sd,0.08704631664,x,measured
singlecomp_cuda_a40_n5000,8.653040398,x,measured
singlecomp_cuda_a40_n5000_sd,0.3270591329,x,measured
singlecomp_cuda_a40_n50000,20.97663797,x,measured
singlecomp_cuda_a40_n50000_sd,0.2803085196,x,measured
singlecomp_cuda_a100_n500,1.830212912,x,measured
singlecomp_cuda_a100_n500_sd,0.2580799515,x,measured
singlecomp_cuda_a100_n5000,9.683612251,x,measured
singlecomp_cuda_a100_n5000_sd,0.423040858,x,measured
singlecomp_cuda_a100_n50000,21.90011974,x,measured
singlecomp_cuda_a100_n50000_sd,0.2909194614,x,measured
singlecomp_ocl_a40_n500,1.5,x,measured
singlecomp_ocl_a40_n5000,7.5,x,measured
singlecomp_ocl_a40_n50000,19.2,x,measured
singlecomp_ocl_a100_n500,1.7,x,measured
singlecomp_ocl_a100_n5000,8.7,x,measured
singlecomp_ocl_a100_n50000,20.4,x,measured
cuda_parity_v,7.04e-08,V,measured
multicomp_step_a40_n100,0.2178489302,x,measured
multicomp_step_a40_n100_sd,0.2133697188,x,measured
multicomp_e2e_a40_n100,0.4267235025,x,measured
multicomp_e2e_a40_n100_sd,0.05199405825,x,measured
multicomp_step_a40_n500,1.050431052,x,measured
multicomp_step_a40_n500_sd,0.06081131339,x,measured
multicomp_e2e_a40_n500,0.7736009916,x,measured
multicomp_e2e_a40_n500_sd,0.02436020644,x,measured
multicomp_step_a40_n1000,2.019732617,x,measured
multicomp_step_a40_n1000_sd,0.1234235163,x,measured
multicomp_e2e_a40_n1000,1.100911836,x,measured
multicomp_e2e_a40_n1000_sd,0.0797838443,x,measured
multicomp_step_a40_n2000,4.473634643,x,measured
multicomp_step_a40_n2000_sd,0.5391490173,x,measured
multicomp_e2e_a40_n2000,1.372839888,x,measured
multicomp_e2e_a40_n2000_sd,0.0601133143,x,measured
multicomp_step_a40_n3000,6.706742307,x,measured
multicomp_step_a40_n3000_sd,0.103358825,x,measured
multicomp_e2e_a40_n3000,1.869871675,x,measured
multicomp_e2e_a40_n3000_sd,0.07734823034,x,measured
multicomp_step_a40_n5000,6.892372692,x,measured
multicomp_step_a40_n5000_sd,0.1752744711,x,measured
multicomp_e2e_a40_n5000,2.595854373,x,measured
multicomp_e2e_a40_n5000_sd,0.0610155423,x,measured
multicomp_step_a40_n7000,9.808298989,x,measured
multicomp_step_a40_n7000_sd,0.2441338762,x,measured
multicomp_e2e_a40_n7000,2.921052683,x,measured
multicomp_e2e_a40_n7000_sd,0.05048612395,x,measured
multicomp_step_a40_n10000,13.74312377,x,measured
multicomp_step_a40_n10000_sd,0.2229220636,x,measured
multicomp_e2e_a40_n10000,3.008684057,x,measured
multicomp_e2e_a40_n10000_sd,0.0424142231,x,measured
multicomp_step_a40_n15000,20.28109346,x,measured
multicomp_step_a40_n15000_sd,0.2287954053,x,measured
multicomp_e2e_a40_n15000,3.27351594,x,measured
multicomp_e2e_a40_n15000_sd,0.05261550939,x,measured
multicomp_step_a40_n20000,25.31141457,x,measured
multicomp_step_a40_n20000_sd,0.386924363,x,measured
multicomp_e2e_a40_n20000,3.38752769,x,measured
multicomp_e2e_a40_n20000_sd,0.03838277193,x,measured
multicomp_step_a40_n30000,31.94658506,x,measured
multicomp_step_a40_n30000_sd,0.4626302498,x,measured
multicomp_e2e_a40_n30000,3.533423286,x,measured
multicomp_e2e_a40_n30000_sd,0.04774119968,x,measured
multicomp_step_a40_n40000,35.24358593,x,measured
multicomp_step_a40_n40000_sd,0.4431093022,x,measured
multicomp_e2e_a40_n40000,3.555148398,x,measured
multicomp_e2e_a40_n40000_sd,0.04592088286,x,measured
multicomp_step_a40_n50000,37.33340815,x,measured
multicomp_step_a40_n50000_sd,0.3143217003,x,measured
multicomp_e2e_a40_n50000,3.617409974,x,measured
multicomp_e2e_a40_n50000_sd,0.04759729015,x,measured
multicomp_step_a100_n100,0.2583034954,x,measured
multicomp_step_a100_n100_sd,0.01737781715,x,measured
multicomp_e2e_a100_n100,0.6097184096,x,measured
multicomp_e2e_a100_n100_sd,0.02151956977,x,measured
multicomp_step_a100_n500,1.708597617,x,measured
multicomp_step_a100_n500_sd,0.1225716383,x,measured
multicomp_e2e_a100_n500,1.042079336,x,measured
multicomp_e2e_a100_n500_sd,0.0335971614,x,measured
multicomp_step_a100_n1000,3.141936169,x,measured
multicomp_step_a100_n1000_sd,0.1655804552,x,measured
multicomp_e2e_a100_n1000,1.461693665,x,measured
multicomp_e2e_a100_n1000_sd,0.0450217367,x,measured
multicomp_step_a100_n2000,6.407893942,x,measured
multicomp_step_a100_n2000_sd,0.2922988494,x,measured
multicomp_e2e_a100_n2000,1.573804511,x,measured
multicomp_e2e_a100_n2000_sd,0.04844932883,x,measured
multicomp_step_a100_n3000,12.02163684,x,measured
multicomp_step_a100_n3000_sd,0.5092023976,x,measured
multicomp_e2e_a100_n3000,1.893031888,x,measured
multicomp_e2e_a100_n3000_sd,0.04392952732,x,measured
multicomp_step_a100_n5000,14.48150652,x,measured
multicomp_step_a100_n5000_sd,0.5119662798,x,measured
multicomp_e2e_a100_n5000,2.658202635,x,measured
multicomp_e2e_a100_n5000_sd,0.03162244006,x,measured
multicomp_step_a100_n7000,22.02317183,x,measured
multicomp_step_a100_n7000_sd,0.5200882348,x,measured
multicomp_e2e_a100_n7000,3.075363546,x,measured
multicomp_e2e_a100_n7000_sd,0.02943498594,x,measured
multicomp_step_a100_n10000,30.53629922,x,measured
multicomp_step_a100_n10000_sd,0.8293845745,x,measured
multicomp_e2e_a100_n10000,3.23316457,x,measured
multicomp_e2e_a100_n10000_sd,0.04167037023,x,measured
multicomp_step_a100_n15000,42.27357927,x,measured
multicomp_step_a100_n15000_sd,0.9148829509,x,measured
multicomp_e2e_a100_n15000,3.519743284,x,measured
multicomp_e2e_a100_n15000_sd,0.02854536599,x,measured
multicomp_step_a100_n20000,51.60558174,x,measured
multicomp_step_a100_n20000_sd,1.326793325,x,measured
multicomp_e2e_a100_n20000,3.711342393,x,measured
multicomp_e2e_a100_n20000_sd,0.0382242722,x,measured
multicomp_step_a100_n30000,66.12297197,x,measured
multicomp_step_a100_n30000_sd,1.446193656,x,measured
multicomp_e2e_a100_n30000,3.873664189,x,measured
multicomp_e2e_a100_n30000_sd,0.04904382996,x,measured
multicomp_step_a100_n40000,75.4660056,x,measured
multicomp_step_a100_n40000_sd,1.314222639,x,measured
multicomp_e2e_a100_n40000,3.903077402,x,measured
multicomp_e2e_a100_n40000_sd,0.04469186305,x,measured
multicomp_step_a100_n50000,80.80212017,x,measured
multicomp_step_a100_n50000_sd,1.308082152,x,measured
multicomp_e2e_a100_n50000,3.903806111,x,measured
multicomp_e2e_a100_n50000_sd,0.07382007281,x,measured
ksweep_cpu_k200,5.8629012,s,measured
ksweep_gpu_k200,1.371089,s,measured
ksweep_e2e_k200,4.276090903,x,measured
ksweep_e2e_k200_sd,0.1388895301,x,measured
ksweep_cpu_k500,13.0005364,s,measured
ksweep_gpu_k500,1.416566,s,measured
ksweep_e2e_k500,9.177501366,x,measured
ksweep_e2e_k500_sd,0.2787030308,x,measured
ksweep_cpu_k1000,24.8727464,s,measured
ksweep_gpu_k1000,1.486731,s,measured
ksweep_e2e_k1000,16.72982295,x,measured
ksweep_e2e_k1000_sd,0.4033304208,x,measured
ksweep_cpu_k2000,48.0306384,s,measured
ksweep_gpu_k2000,1.6290536,s,measured
ksweep_e2e_k2000,29.483768,x,measured
ksweep_e2e_k2000_sd,1.016112587,x,measured
ksweep_cpu_k5000,116.7496572,s,measured
ksweep_gpu_k5000,2.0477818,s,measured
ksweep_e2e_k5000,57.01274286,x,measured
ksweep_e2e_k5000_sd,0.9849961489,x,measured
ksweep_e2e_k5000_recheck,55.35366689,x,measured
ksweep_e2e_k5000_recheck_sd,1.596021278,x,measured
ksweep_fixed_cpu,1.56381066,s,measured
ksweep_perstep_cpu,0.02306866969,s,measured
ksweep_fixed_gpu,1.345513973,s,measured
ksweep_perstep_gpu,0.0001406496016,s,measured
ksweep_perstep_ratio,164.0151797,x,derived
construction_exponent_before,2.305562511,exponent,measured
construction_exponent_after,0.9912803035,exponent,measured
construction_527k_s,14.56966667,s,measured
construction_527k_s_sd,0.1803505845,s,measured
construction_1700k_s,51.48033333,s,measured
construction_1700k_s_sd,0.6144935584,s,measured
pgenesis_t1,2.392937636,s,measured
pgenesis_t2,1.264267636,s,measured
pgenesis_t4,0.7648736364,s,measured
pgenesis_t8,0.5932538182,s,measured
pgenesis_eff_p2,0.9463730493,x,derived
pgenesis_speedup_p4,3.12853983,x,derived
pgenesis_speedup_p8,4.033581518,x,derived
vanet2_genesis_published_s,46.9,s,prose
vanet2_genesis_published_s_sd,2.1,s,prose
vanet2_genesis_1solver_s,33.2,s,prose
vanet2_genesis_1solver_s_sd,0.7,s,prose
vanet2_coreneuron_cpu_s,76.5,s,prose
vanet2_neuron_cpu_s,95.8,s,prose
vanet2_neuron_channelbuilder_s,123.3,s,prose
vanet2_arbor_a100_s,149.4,s,prose
vanet2_coreneuron_a100_s,27,s,prose
vanet2_cpu_1solver_s,34.85333333,s,measured
vanet2_gpu_1solver_s,36.25333333,s,measured
vanet2_cpu_published_20aug_s,48.91333333,s,measured
vanet2_gpu_over_cpu,1.040168324,x,derived
vanet2_vs_coreneuron_cpu,2.304216867,x,derived
vanet2_vs_neuron_cpu,2.885542169,x,derived
vanet2_coreneuron_over_neuron,1.252287582,x,derived
vanet2_coreneuron_gpu_ahead,1.22962963,x,derived
vanet2_coreneuron_gpu_over_own_cpu,2.833333333,x,derived
vanet2_1solver_speedup,1.412650602,x,derived
vanet2_spikes_coreneuron_a100,592865,spikes,measured
vanet2_spikes_genesis_cpu,545371,spikes,measured
vanet2_spikes_genesis_gpu,551117,spikes,measured
vanet2_spike_agreement_pct,1.053594709,pct,derived
mccross_arbor_cpu_k5000,1.086,s,measured
mccross_arbor_cpu_k5000_sd,0.03702701716,s,measured
mccross_coreneuron_cpu_k5000,60.94166667,s,measured
mccross_coreneuron_cpu_k5000_sd,0.1532623024,s,measured
mccross_neuron_cpu_k5000,82.81933333,s,measured
mccross_neuron_cpu_k5000_sd,1.99109074,s,measured
mccross_genesis_cpu_k5000,123.41,s,measured
mccross_genesis_cpu_k5000_sd,1.730346786,s,measured
mccross_genesis_over_coreneuron_cpu,2.025051279,x,derived
crossover_genesis_a100_k5000,1.591133333,s,measured
crossover_genesis_a100_k5000_sd,0.006932772413,s,measured
crossover_genesis_a100_k50000,4.558866667,s,measured
crossover_genesis_a100_k50000_sd,0.008318854088,s,measured
crossover_fixed_genesis_a100,1.278427193,s,measured
crossover_perstep_genesis_a100,6.563544457e-05,s,measured
crossover_arbor_a100_k5000,1.559,s,measured
crossover_arbor_a100_k5000_sd,0.02690724809,s,measured
crossover_arbor_a100_k50000,5.951,s,measured
crossover_arbor_a100_k50000_sd,0.01997498436,s,measured
crossover_fixed_arbor_a100,1.076691543,s,measured
crossover_perstep_arbor_a100,9.732788032e-05,s,measured
crossover_k_a100,6365.419534,steps,measured
crossover_ms_a100,63.65419534,ms,derived
crossover_marginal_lower_pct_a100,32.56254596,pct,derived
crossover_arbor_ahead_s_a100,0.2017356497,s,derived
crossover_genesis_a40_k5000,2.023033333,s,measured
crossover_genesis_a40_k5000_sd,0.00615006775,s,measured
crossover_genesis_a40_k50000,8.34,s,measured
crossover_genesis_a40_k50000_sd,0.0446731463,s,measured
crossover_fixed_genesis_a40,1.350197906,s,measured
crossover_perstep_genesis_a40,0.0001399673736,s,measured
crossover_arbor_a40_k5000,2.490666667,s,measured
crossover_arbor_a40_k5000_sd,0.01415391583,s,measured
crossover_arbor_a40_k50000,15.04233333,s,measured
crossover_arbor_a40_k50000_sd,0.008082903769,s,measured
crossover_fixed_arbor_a40,1.098606804,s,measured
crossover_perstep_arbor_a40,0.0002788854144,s,measured
crossover_k_a40,1811.075797,steps,measured
crossover_ms_a40,18.11075797,ms,derived
crossover_marginal_lower_pct_a40,49.81187025,pct,derived
crossover_arbor_ahead_s_a40,0.2515911015,s,derived
rate_insensitivity_genesis_gpu,0.9838784341,x,measured
rate_insensitivity_arbor_gpu,0.9987179487,x,measured
vm_ap_peak_neuron_arbor_mv,0.02,mV,prose
vm_ap_peak_genesis_lower_mv,4.6,mV,prose
spiking_accelerable_fraction_pct,59,pct,prose
fp32_single_ap_v,2e-07,V,prose
single_morphology_slower_x,20,x,prose
multicomp_build_n50000_s,23.8,s,prose
ksweep_step_k5000,116.2,x,prose
