# node inf03; binary v2.6.0-rc3 nxgenesis_nocl sha256 332f2661c7b78890f00b0831f1e51a13d0a2e2ab3ec9947f0f205b48702e40e1
# hh_multicompartment_createmap.g N=10000 x 16 compartments, K=1000, numactl node 0, modes 1 3 4
chanmode,rep,wall_s,t_per_step_s,vm_soma,vm_far
1,1,25.942,0.02464446266,-0.06777833896,-0.07569977784
3,1,5.751,0.004520183034,-0.06777833903,-0.07569977791
4,1,6.241,0.004995576934,-0.06777833903,-0.07569977791
1,2,25.980,0.02468013197,-0.06777833896,-0.07569977784
3,2,5.763,0.004529728276,-0.06777833903,-0.07569977791
4,2,6.265,0.005029504134,-0.06777833903,-0.07569977791
1,3,25.941,0.0246568491,-0.06777833896,-0.07569977784
3,3,5.790,0.004552663199,-0.06777833903,-0.07569977791
4,3,6.242,0.004995431522,-0.06777833903,-0.07569977791
